Time(norwegian mean time),u,v
2023-01-01 06:00:00,1.0795253566607448,-2.3094965558997047
2023-01-01 12:00:00,1.0265905895582492,-1.729442826394279
2023-01-01 18:00:00,1.4040163299983686,-2.571956339051115
2023-01-02 00:00:00,1.3180509884491942,-1.9041929821731856
2023-01-02 06:00:00,0.9143510835214843,-1.3268101691890188
2023-01-02 12:00:00,0.6048191111388904,-1.2097426810489875
2023-01-02 18:00:00,0.27208413495099143,-0.7895078182524337
2023-01-03 00:00:00,-0.41822330320217116,-1.0248612218024438
2023-01-03 06:00:00,0.14149584935876722,-1.3257882842353517
2023-01-03 12:00:00,-0.19255941533364432,-0.8518483181031721
2023-01-03 18:00:00,-0.09854800285634925,-0.9978013003102989
2023-01-04 00:00:00,0.6838564092598373,-1.9711758394093952
2023-01-04 06:00:00,1.5372878433447827,-2.794773580048844
2023-01-04 12:00:00,2.3209503317252564,-4.68329074432648
2023-01-04 18:00:00,2.3867118932088074,-4.104842483938207
2023-01-05 00:00:00,2.143481520990124,-4.531403316182051
2023-01-05 06:00:00,1.2315959239846173,-2.7391931495962623
2023-01-05 12:00:00,0.8123815336023408,-1.2903046102483096
2023-01-05 18:00:00,-0.4344944429075999,0.6420443077780816
2023-01-06 00:00:00,-0.4519492156933474,0.3842685425618722
2023-01-06 06:00:00,-1.696229676102961,0.866450254714834
2023-01-06 12:00:00,0.6540646737895782,-1.1023645916508904
2023-01-06 18:00:00,0.06310751310220787,-0.37714026877888657
2023-01-07 00:00:00,0.21387390097232625,-0.30201193634445817
2023-01-07 06:00:00,0.2782147266867481,-1.3506157361772335
2023-01-07 12:00:00,0.7097343691310659,-1.463588926158992
2023-01-07 18:00:00,0.4685404067037285,-1.2723813865088955
2023-01-08 00:00:00,0.3201769816215058,-1.3969312188617646
2023-01-08 06:00:00,-1.1026377224330852,2.799979116097699
2023-01-08 12:00:00,-1.0165816085797785,2.4566784123333227
2023-01-08 18:00:00,-1.0518667459457811,1.7898246376461244
2023-01-09 00:00:00,-1.1914153601137556,1.2105687884434149
2023-01-09 06:00:00,-0.5493572953145885,1.35386877637706
2023-01-09 12:00:00,-0.22437366646877302,-0.8323989477710908
2023-01-09 18:00:00,-0.07433917830408332,-0.4743702505114343
2023-01-10 00:00:00,0.21124863396207313,-0.27613721770129146
2023-01-10 06:00:00,0.39064559752856365,1.310122297443304
2023-01-10 12:00:00,0.43218849162763423,1.4866563975053229
2023-01-10 18:00:00,0.06771534553505872,0.475218491949966
2023-01-11 00:00:00,-1.8186749211497588,2.8886446105035435
2023-01-11 06:00:00,-0.6388734588542798,3.0475160884920363
2023-01-11 12:00:00,-0.9877659584773867,3.6756965545068723
2023-01-11 18:00:00,-1.0331406222020458,4.318861578531533
2023-01-12 00:00:00,-0.9930263448838993,3.390090071558484
2023-01-12 06:00:00,0.014326633086812202,1.358536004135036
2023-01-12 12:00:00,-0.0799742411073069,0.562400388677503
2023-01-12 18:00:00,0.21324581245943505,-0.8418196654968916
2023-01-13 00:00:00,0.8702662136289158,-2.026719247566113
2023-01-13 06:00:00,0.7199150395071049,-1.400405290845316
2023-01-13 12:00:00,0.5017066000479088,-1.6136770192672207
2023-01-13 18:00:00,0.9176006637987658,-2.2645173999571195
2023-01-14 00:00:00,0.6530932462503224,-1.8538531261952569
2023-01-14 06:00:00,0.47505169356728666,-0.8880419713556459
2023-01-14 12:00:00,0.1638585332682014,-0.46025868107885226
2023-01-14 18:00:00,0.15971273503585595,-1.2928222671868992
2023-01-15 00:00:00,0.7448147649018315,-3.6058770019277357
2023-01-15 06:00:00,0.41791078506936463,0.16416235942339655
2023-01-15 12:00:00,0.25280290665486976,-0.20277630600489183
2023-01-15 18:00:00,0.9585558890497853,-1.4418688798605963
2023-01-16 00:00:00,1.1871182425637852,0.7830716957351589
2023-01-16 06:00:00,0.6831287104298381,1.218379526126962
2023-01-16 12:00:00,0.42255729583095264,-1.1672449258552118
2023-01-16 18:00:00,0.6229761912703763,-2.493344126340404
2023-01-17 00:00:00,1.2512126720869523,-2.915346702077507
2023-01-17 06:00:00,-2.5112126230750875,0.42682944933552697
2023-01-17 12:00:00,-0.26655619858087026,-1.8861286915428084
2023-01-17 18:00:00,0.19942154908871149,-2.9668765795629812
2023-01-18 00:00:00,1.0459599389781846,-2.639851328450435
2023-01-18 06:00:00,1.0267245910621754,-2.2960348595504243
2023-01-18 12:00:00,0.821405389413429,-0.7420449640115306
2023-01-18 18:00:00,0.5865467286505966,-0.6848450696987306
2023-01-19 00:00:00,0.6189384025653605,-1.0547939966235462
2023-01-19 06:00:00,0.4404634762262038,-1.9029064639299869
2023-01-19 12:00:00,0.20000331882667913,-1.6210378709602533
2023-01-19 18:00:00,0.36505585354575576,-1.560607225099916
2023-01-20 00:00:00,-0.18141220578779352,-0.4732676950857318
2023-01-20 06:00:00,-0.03820785853669864,0.25385655995155404
2023-01-20 12:00:00,0.08303663787711886,-0.9386550598916447
2023-01-20 18:00:00,0.015369558327151403,-1.260997776108902
2023-01-21 00:00:00,-0.18594015990013088,-1.0674596618361034
2023-01-21 06:00:00,-0.4586003820712245,-0.7345304592329698
2023-01-21 12:00:00,0.11604696336138405,-0.19684087921127189
2023-01-21 18:00:00,0.1782077410654168,-1.044457479254646
2023-01-22 00:00:00,-0.12321879118051932,-0.8034952380810075
2023-01-22 06:00:00,0.4834101487101808,-1.1724966615899743
2023-01-22 12:00:00,0.6464786405293075,-1.2026554497236228
2023-01-22 18:00:00,0.8337916701750024,-1.3419603971635385
2023-01-23 00:00:00,0.4461142783451222,-0.9741678534970369
2023-01-23 06:00:00,0.2327282441912627,-1.2253612276690542
2023-01-23 12:00:00,0.5051630975238077,-0.40714946918530953
2023-01-23 18:00:00,0.18240609980556874,-0.31064771977204747
2023-01-24 00:00:00,0.02358056611274963,-0.9061055672345947
2023-01-24 06:00:00,0.30264278098907643,-0.9705041407879316
2023-01-24 12:00:00,-0.24921284163374202,-0.6475388065120938
2023-01-24 18:00:00,0.06340954904950342,-0.33257483693758366
2023-01-25 00:00:00,-0.08825580620936506,0.09283742082499406
2023-01-25 06:00:00,-0.8575649472149655,0.7272436824320927
2023-01-25 12:00:00,-0.4340083784808226,-0.10317681742792452
2023-01-25 18:00:00,0.7012483149929688,-0.8770939587468353
2023-01-26 00:00:00,-0.14168025258971725,-2.4005946634636075
2023-01-26 06:00:00,-0.43467842835501364,-2.080496047787259
2023-01-26 12:00:00,-0.43433171314427027,-1.5381029752576183
2023-01-26 18:00:00,-0.5157015910822912,-1.989925660618275
2023-01-27 00:00:00,0.8375529185447762,-2.346836665775808
2023-01-27 06:00:00,0.02633567715650566,-1.0765439312038108
2023-01-27 12:00:00,0.2566150337402045,-0.5619639797082102
2023-01-27 18:00:00,0.4837016443038375,-0.8634572507957009
2023-01-28 00:00:00,0.09703738101812502,-0.025872159727487704
2023-01-28 06:00:00,0.5447941186985403,-0.21985363607354133
2023-01-28 12:00:00,-0.2503977961317255,0.06245211591859334
2023-01-28 18:00:00,0.1266679452496248,-0.4803348335064738
2023-01-29 00:00:00,0.8937856780734262,-0.07777324457654466
2023-01-29 06:00:00,-0.021056724771199558,2.736776373433232
2023-01-29 12:00:00,-0.4709002292047703,2.857348300113062
2023-01-29 18:00:00,-0.25438910405698983,3.3755024555737436
2023-01-30 00:00:00,2.547502333525569,3.1494734585577135
2023-01-30 06:00:00,1.371006053144287,1.2829581435075033
2023-01-30 12:00:00,3.0742635348121303,-2.25710721445529
2023-01-30 18:00:00,1.2079992266060608,0.6442273049865473
2023-01-31 00:00:00,0.733377944107331,1.1475109811895579
2023-01-31 06:00:00,-0.18518751243222673,1.305891032050983
2023-01-31 12:00:00,0.26130259527884436,-0.3725045622934062
2023-01-31 18:00:00,0.19806821615253892,-0.7816894778793273
2023-02-01 00:00:00,0.21840480148540287,-0.932316228040785
2023-02-01 06:00:00,1.244477241100262,-2.5520101075683255
2023-02-01 12:00:00,0.1919067162127626,-3.6480373331904468
2023-02-01 18:00:00,0.5238492395679468,-2.116933845408879
2023-02-02 00:00:00,0.2731012575978338,-1.6523873790575732
2023-02-02 06:00:00,0.591078069480223,-1.9783298507695164
2023-02-02 12:00:00,-0.16852331768109716,-1.2518676908935835
2023-02-02 18:00:00,0.48076738157242627,-2.1003918581608425
2023-02-03 00:00:00,1.2298138894758635,-2.947494629166432
2023-02-03 06:00:00,1.1656257721778167,-2.403962730323315
2023-02-03 12:00:00,0.9486314467773383,-2.485025356578979
2023-02-03 18:00:00,0.7538521651544201,-1.8310867201244347
2023-02-04 00:00:00,0.37447244562993953,-1.7041057135218332
2023-02-04 06:00:00,0.12361283051206791,-1.4218422999297369
2023-02-04 12:00:00,0.048711857113686384,0.04843768187934409
2023-02-04 18:00:00,-0.27149282037293004,1.8953931805515507
2023-02-05 00:00:00,-0.654215120675723,2.6586166569229697
2023-02-05 06:00:00,0.483896179193188,-0.7198846334956758
2023-02-05 12:00:00,0.1470162351822795,-0.5150405306128438
2023-02-05 18:00:00,-0.9493287658933468,-2.2932298472777894
2023-02-06 00:00:00,0.29188003162220083,-1.9442543078113055
2023-02-06 06:00:00,0.3152347462033293,-1.3263486435819545
2023-02-06 12:00:00,0.0792381280582256,-0.8342781899613921
2023-02-06 18:00:00,0.05110338760053812,-0.8635310897700332
2023-02-07 00:00:00,0.35315856046369926,-1.2578571198619228
2023-02-07 06:00:00,0.11614408976469211,-0.8718658746106153
2023-02-07 12:00:00,0.01944207010696909,0.4337031185048721
2023-02-07 18:00:00,-0.6979091381322432,-1.1558676035825501
2023-02-08 00:00:00,-0.414689276109093,-0.8901643202908759
2023-02-08 06:00:00,0.1894171476598684,-0.9369992227954063
2023-02-08 12:00:00,0.10580298173816001,1.8052332325676677
2023-02-08 18:00:00,-1.0759846227899548,4.6163935597179195
2023-02-09 00:00:00,-1.853913064994453,5.933159730344812
2023-02-09 06:00:00,-0.22279499113394785,2.9698340842654125
2023-02-09 12:00:00,-0.5383769596910615,5.036129110675539
2023-02-09 18:00:00,4.218884389580674,2.8290281252971723
2023-02-10 00:00:00,2.245876014613926,-0.7709002767087502
2023-02-10 06:00:00,0.4969671560919047,1.3249386980683229
2023-02-10 12:00:00,-0.8605822214334072,2.499802876746801
2023-02-10 18:00:00,0.29505095236990386,1.259602362505839
2023-02-11 00:00:00,2.151074194567331,-0.20030632759865744
2023-02-11 06:00:00,-0.14464854843068822,-2.0450981784947504
2023-02-11 12:00:00,-0.5815704637833096,0.13643240186660882
2023-02-11 18:00:00,-0.11697600728869605,-0.7775287831736422
2023-02-12 00:00:00,0.3352842953283566,-0.22460066125642994
2023-02-12 06:00:00,0.49530108972707626,-0.480241402168674
2023-02-12 12:00:00,0.30536960215417414,1.4819894008050234
2023-02-12 18:00:00,0.1080587077993173,1.2295115667152932
2023-02-13 00:00:00,-0.0429930426241296,0.008091342560730705
2023-02-13 06:00:00,0.22684172114312753,-0.892158390301872
2023-02-13 12:00:00,-0.23488093367237592,1.1650805980679886
2023-02-13 18:00:00,-0.21798189919484767,-1.9804421779820214
2023-02-14 00:00:00,0.06532112568240557,-1.8642925791813283
2023-02-14 06:00:00,-0.3178452736227529,-1.8818822131062312
2023-02-14 12:00:00,-0.2599170024219788,0.038007544269972625
2023-02-14 18:00:00,0.024677782960882372,-0.3953892105438199
2023-02-15 00:00:00,0.21151460158832447,-0.2636654496269481
2023-02-15 06:00:00,0.5141441661870966,-0.3896851247531256
2023-02-15 12:00:00,0.39615194367259443,-0.07690438913209792
2023-02-15 18:00:00,0.12454070887481357,-0.8486793927425272
2023-02-16 00:00:00,0.5802237935026697,0.32629132206484135
2023-02-16 06:00:00,0.6523898445709081,1.1353529260960407
2023-02-16 12:00:00,-0.014651552737693835,0.46682572610995837
2023-02-16 18:00:00,0.6313969454783103,-0.14873071783539163
2023-02-17 00:00:00,0.1702649742509266,-0.3504429237034339
2023-02-17 06:00:00,-0.47546902968330823,0.8414910280771327
2023-02-17 12:00:00,0.7184284484340923,-1.565686828390537
2023-02-17 18:00:00,0.8038932062262037,-2.7901247020268465
2023-02-18 00:00:00,0.9837365206166476,0.36601003181019126
2023-02-18 06:00:00,0.6993005242113367,-0.10690756859158278
2023-02-18 12:00:00,1.7217967155422123,-0.8325487790739793
2023-02-18 18:00:00,0.9538286253162355,0.09382955825048951
2023-02-19 00:00:00,0.3972125974284159,0.2719400371650132
2023-02-19 06:00:00,-0.168186824579489,-1.1880765159977835
2023-02-19 12:00:00,0.04761029451743962,1.2757138834804733
2023-02-19 18:00:00,-0.22028090991913452,-1.9130636554849094
2023-02-20 00:00:00,-0.674498515249056,1.1009300663991706
2023-02-20 06:00:00,0.7796089957616016,0.967017276196014
2023-02-20 12:00:00,3.296528689508189,1.6371670515829078
2023-02-20 18:00:00,-0.11312550827237462,2.5060165987984857
2023-02-21 00:00:00,-0.4378547111100364,-1.2046981208824958
2023-02-21 06:00:00,0.43655843342077566,-3.649692234011688
2023-02-21 12:00:00,-1.299373167512897,-2.3097750066473477
2023-02-21 18:00:00,-0.0990162278428398,-0.5792587834109758
2023-02-22 00:00:00,-0.7225636774402927,1.787230518165291
2023-02-22 06:00:00,-0.8421672852349441,2.907886997622183
2023-02-22 12:00:00,-0.966036658837016,3.1765324794578853
2023-02-22 18:00:00,-0.556352001415427,1.9243961681626847
2023-02-23 00:00:00,0.07534130736366486,0.24086517695908125
2023-02-23 06:00:00,0.4257482911562149,-0.6838619399447486
2023-02-23 12:00:00,0.19124198100804782,0.8473798256751404
2023-02-23 18:00:00,-0.03679991910604032,0.9996992733369967
2023-02-24 00:00:00,0.21906105788709906,-0.22553982308772133
2023-02-24 06:00:00,0.9715993735100409,-2.6645028523743033
2023-02-24 12:00:00,0.5807339299544148,-3.7839641335374323
2023-02-24 18:00:00,0.957407221533146,-3.708733958224604
2023-02-25 00:00:00,0.34379732277716407,-2.3593791733765315
2023-02-25 06:00:00,-0.4328945945407446,-1.8265683305361682
2023-02-25 12:00:00,0.9191675984676969,-5.723165346414493
2023-02-25 18:00:00,0.833565343181044,-2.082230521178108
2023-02-26 00:00:00,-0.21350402887663064,-1.3964956621838596
2023-02-26 06:00:00,-0.2512644358950193,-1.138537415836539
2023-02-26 12:00:00,0.028358203804962217,0.3510194607024359
2023-02-26 18:00:00,-0.5310132641165936,-1.8426932148237565
2023-02-27 00:00:00,0.005737676193403689,-2.0482507933021568
2023-02-27 06:00:00,-0.6004938986202673,-1.9798615356929252
2023-02-27 12:00:00,-0.1592872926841067,0.5097312748803753
2023-02-27 18:00:00,-0.5543185129116431,-1.9188428067104824
2023-02-28 00:00:00,-0.33855973166488207,-2.20865446449779
2023-02-28 06:00:00,-0.24648882744003067,-2.1531190549584927
2023-02-28 12:00:00,0.020526210004153184,0.5640776597593062
2023-02-28 18:00:00,-0.5190458682218592,-1.845540000334629
2023-03-01 00:00:00,-0.5630310664290493,-2.014719058198144
2023-03-01 06:00:00,-0.21094966687798547,-1.463562874379005
2023-03-01 12:00:00,0.042959277882689106,0.4962204358993428
2023-03-01 18:00:00,-0.22783788240380085,-1.1217693076793374
2023-03-02 00:00:00,-0.10929456615844128,-1.9783329135779366
2023-03-02 06:00:00,-0.686872367435951,-1.9217492142827943
2023-03-02 12:00:00,-0.7683533624639098,-0.7767270773902807
2023-03-02 18:00:00,-0.8516222507980551,-2.3684343713650318
2023-03-03 00:00:00,-0.8328860235247258,-2.308973404254429
2023-03-03 06:00:00,-0.23668599820499825,-1.2140896954167018
2023-03-03 12:00:00,-0.2379793156366167,1.2544757217655045
2023-03-03 18:00:00,1.9736371743539962,-3.219657526295979
2023-03-04 00:00:00,1.2999724804320993,-2.9742001736923496
2023-03-04 06:00:00,0.6368118804119809,-1.4985764615724364
2023-03-04 12:00:00,2.5668976540552353,-1.68337770051608
2023-03-04 18:00:00,1.2909678753825962,-1.5625516646764739
2023-03-05 00:00:00,0.1295509259640328,-1.1928994710998035
2023-03-05 06:00:00,-0.32799983938647254,-1.0003148551850023
2023-03-05 12:00:00,1.2916333948929946,-1.6327559047817075
2023-03-05 18:00:00,1.16888845380618,-0.9404166349603255
2023-03-06 00:00:00,-0.05700750397660265,-1.0526134871140982
2023-03-06 06:00:00,-0.009170796489385949,-1.1825411117391038
2023-03-06 12:00:00,-0.2796493598223149,1.1941016426261253
2023-03-06 18:00:00,0.09774252533002874,-0.9061987927126074
2023-03-07 00:00:00,0.6622528310269988,-2.8701612688475096
2023-03-07 06:00:00,1.4922901343547936,-3.565502280379926
2023-03-07 12:00:00,-0.7984771425422132,-2.247818470988769
2023-03-07 18:00:00,-0.541903463115753,-1.2173495831127368
2023-03-08 00:00:00,-0.14360188043181818,-1.7939250640394295
2023-03-08 06:00:00,-0.26785857341405267,-1.3352765440894439
2023-03-08 12:00:00,0.16114122151643495,1.0147978770775674
2023-03-08 18:00:00,-0.38897146246189335,0.9392057011379075
2023-03-09 00:00:00,0.6218626952136813,-1.1825988641863885
2023-03-09 06:00:00,0.11847077587471151,-0.0628374673820713
2023-03-09 12:00:00,1.3085078003940367,-0.07681536157464142
2023-03-09 18:00:00,0.6230583238566311,-1.8149700846228791
2023-03-10 00:00:00,-0.01034488304889943,-1.2831861601701144
2023-03-10 06:00:00,0.17086961895129563,-1.3966815568652269
2023-03-10 12:00:00,0.15695221595201717,0.8265094549760489
2023-03-10 18:00:00,-0.10344821272094244,-0.7389070074739227
2023-03-11 00:00:00,0.07204509848848543,-1.8152901768676877
2023-03-11 06:00:00,-0.179282508889718,-1.5254332586022594
2023-03-11 12:00:00,-0.3539327743440304,0.46424013918698837
2023-03-11 18:00:00,1.00721426475775,-0.7764662010027988
2023-03-12 00:00:00,-0.12537594280042505,0.8594013951846945
2023-03-12 06:00:00,-0.5678176649118171,1.7697907476437829
2023-03-12 12:00:00,-0.6966494329905303,2.351509569555069
2023-03-12 18:00:00,-0.5182919530461634,1.556827537310289
2023-03-13 00:00:00,-0.46531481340893993,1.9105226247980676
2023-03-13 06:00:00,0.2504436502083743,-0.7136491351471325
2023-03-13 12:00:00,1.5102904637240673,-3.480660557032749
2023-03-13 18:00:00,1.0061728484603634,-2.886460994546493
2023-03-14 00:00:00,0.22116559347437992,-0.4819017424291195
2023-03-14 06:00:00,-0.15291449076967126,-0.34976671803055787
2023-03-14 12:00:00,0.20673668252730906,1.219783626750407
2023-03-14 18:00:00,0.5165000115938465,0.9793076317856672
2023-03-15 00:00:00,0.0727519268834342,-0.5400624307095173
2023-03-15 06:00:00,-0.15434084578810267,-0.8861653199713947
2023-03-15 12:00:00,1.6176897988932144,-2.011638142419185
2023-03-15 18:00:00,0.4018520418649551,-1.3671655194915973
2023-03-16 00:00:00,0.5539942263710637,-1.9296448812239404
2023-03-16 06:00:00,-0.1286103865089902,-1.7939992298205576
2023-03-16 12:00:00,-0.7464309793532479,0.4524156537523472
2023-03-16 18:00:00,-2.6254397755258077,3.49948196516864
2023-03-17 00:00:00,-2.8697934315342297,5.626912447465236
2023-03-17 06:00:00,-1.4009421159631563,3.8311892106176386
2023-03-17 12:00:00,-1.1178163085261836,3.39757001971867
2023-03-17 18:00:00,-1.2615939438191075,3.6487170443759234
2023-03-18 00:00:00,1.1282182904011069,0.6984709126300485
2023-03-18 06:00:00,-0.2344081195134431,-0.14893790579189195
2023-03-18 12:00:00,-0.8045458150938883,-1.4527106919323336
2023-03-18 18:00:00,0.3198387852970543,-1.9410752279227204
2023-03-19 00:00:00,0.4032315918614537,-2.5498504843061602
2023-03-19 06:00:00,-0.26046109176256316,-0.7764987691005611
2023-03-19 12:00:00,0.12699585609384828,1.706460157261904
2023-03-19 18:00:00,0.38174227335944777,1.2740155490265002
2023-03-20 00:00:00,0.7570502213426219,1.5148403713904262
2023-03-20 06:00:00,0.3625828013919592,-0.9398323044527984
2023-03-20 12:00:00,-0.48787595215299895,-3.662283376456378
2023-03-20 18:00:00,0.140498695086487,-1.4308453279941078
2023-03-21 00:00:00,-0.12899721723638363,-1.8628581750774529
2023-03-21 06:00:00,0.06102978019266139,-1.4083329178394148
2023-03-21 12:00:00,0.047741436853723035,-0.3735224902949139
2023-03-21 18:00:00,0.016150363568450263,-0.3944833927733218
2023-03-22 00:00:00,0.024163511964634496,0.1483870317622559
2023-03-22 06:00:00,-0.27667562970176723,0.6176345546500666
2023-03-22 12:00:00,0.14079949498266844,0.5364247958883019
2023-03-22 18:00:00,-0.015345585327302236,1.1202282276344167
2023-03-23 00:00:00,-0.16114194961222997,2.545691706737262
2023-03-23 06:00:00,0.3069218012549831,1.9656516208600843
2023-03-23 12:00:00,-0.38430727613405063,1.3908524908543256
2023-03-23 18:00:00,0.3075613073212148,1.3377725427327292
2023-03-24 00:00:00,0.8695399527255057,2.184729622944911
2023-03-24 06:00:00,0.08147590082347805,0.4780636298080198
2023-03-24 12:00:00,0.2460178116793029,0.6783274913568834
2023-03-24 18:00:00,-0.0983415220257287,0.025782518615159438
2023-03-25 00:00:00,0.3999215817720123,-0.8326646241178478
2023-03-25 06:00:00,0.3179346729284316,-2.8569944379903696
2023-03-25 12:00:00,0.9308952242757896,-4.091158365017352
2023-03-25 18:00:00,0.429015282209245,-3.746638489819451
2023-03-26 00:00:00,0.48810926299187146,-3.91290587545812
2023-03-26 06:00:00,0.3949068854521134,-3.947808925304637
2023-03-26 12:00:00,-1.7834234312576325,-2.60387350581312
2023-03-26 18:00:00,-0.15847225266175258,-1.1029619676458042
2023-03-27 00:00:00,0.0767506694637246,-1.5518934060257354
2023-03-27 06:00:00,0.14686430594153074,-2.896176036480831
2023-03-27 12:00:00,-1.0931060839419153,-4.118092322832849
2023-03-27 18:00:00,0.5645646697349743,-3.1326638984584534
2023-03-28 00:00:00,-0.083832122946844,-1.2162160742707984
2023-03-28 06:00:00,-0.2368250030127416,-1.7891692570238338
2023-03-28 12:00:00,-0.38140623499121545,0.481364143096871
2023-03-28 18:00:00,0.23945408450147565,-1.2303551204433238
2023-03-29 00:00:00,1.6607526858095654,-3.116608454181192
2023-03-29 06:00:00,0.9024049112093375,-3.3808007595299228
2023-03-29 12:00:00,0.4158488155768499,-2.179734807966587
2023-03-29 18:00:00,0.1494224862682297,-1.5679193252670869
2023-03-30 00:00:00,0.010228967366953659,-1.7691256781477687
2023-03-30 06:00:00,-0.2308737481234107,-1.657988502917684
2023-03-30 12:00:00,-0.11722307513105061,1.196171633012838
2023-03-30 18:00:00,0.3726111468866309,0.16749619689322057
2023-03-31 00:00:00,0.7162320061592317,-2.269098056901439
2023-03-31 06:00:00,-0.168759546233576,-2.662880317642711
2023-03-31 12:00:00,0.6050528908591354,-4.738213681192726
2023-03-31 18:00:00,0.34093295327796996,-2.697493191265355
2023-04-01 00:00:00,0.6946167113773273,-2.9301906434315774
2023-04-01 06:00:00,0.42496873557061404,-3.108751086599264
2023-04-01 12:00:00,-1.4198122976038325,-2.387718999560212
2023-04-01 18:00:00,0.14233196052804853,-2.170926155092944
2023-04-02 00:00:00,0.3344998600211078,-2.7133310394272407
2023-04-02 06:00:00,-0.11838682672470431,-1.6077456264101384
2023-04-02 12:00:00,0.2156985519838015,1.2747255572598664
2023-04-02 18:00:00,0.4234974485880835,-0.31732581354947037
2023-04-03 00:00:00,-0.0733672960131298,-1.3657308846419396
2023-04-03 06:00:00,-0.5523300248005903,-0.8759873306667174
2023-04-03 12:00:00,-0.59891548198043,0.8653758227213441
2023-04-03 18:00:00,0.414000977832451,-0.6647587284012167
2023-04-04 00:00:00,0.7713656783673781,-2.158506564092732
2023-04-04 06:00:00,-0.14170744970028593,-1.3877655653687555
2023-04-04 12:00:00,-0.42071641057817355,1.731041586617146
2023-04-04 18:00:00,0.10713257278235822,-0.5220697388472216
2023-04-05 00:00:00,0.08821015914364903,-1.73538168096795
2023-04-05 06:00:00,-0.1776807787979716,-1.158343783068877
2023-04-05 12:00:00,0.04549563803076758,1.0879005374038977
2023-04-05 18:00:00,0.6428577580265346,-1.3504322789060097
2023-04-06 00:00:00,-1.8787990616205252,0.48463689714027086
2023-04-06 06:00:00,-0.8147768086797645,-2.1063206416518225
2023-04-06 12:00:00,-1.1330585665351345,-0.613210511129637
2023-04-06 18:00:00,-0.1660782159975198,-0.19380592382679937
2023-04-07 00:00:00,0.01845489536278729,-0.1705836812726685
2023-04-07 06:00:00,0.13091977306947175,-0.6645619450607964
2023-04-07 12:00:00,-0.06683457271358183,0.3916251309545829
2023-04-07 18:00:00,0.17171662372100838,-0.799335418240859
2023-04-08 00:00:00,0.17977360440510406,-2.34936134039578
2023-04-08 06:00:00,-0.2075757828769977,-1.1226739266074093
2023-04-08 12:00:00,0.7074614431319896,0.7116726346278828
2023-04-08 18:00:00,0.14752428170033535,-1.2898146479752557
2023-04-09 00:00:00,0.17930484911694808,-2.6959054780124947
2023-04-09 06:00:00,0.2740891505024892,-1.9036409708713187
2023-04-09 12:00:00,-0.6006283567243419,0.21161349206304214
2023-04-09 18:00:00,0.24633396826075715,1.0818940509693908
2023-04-10 00:00:00,0.033024564158847754,-0.4465717587565143
2023-04-10 06:00:00,-0.1985218714489511,-0.20704024839370003
2023-04-10 12:00:00,-0.7080631314479203,2.625083182882113
2023-04-10 18:00:00,0.7481567382470554,-1.597052502681449
2023-04-11 00:00:00,0.11129851477002407,-0.6098723318145503
2023-04-11 06:00:00,-0.26793483187752537,-1.5376456531852323
2023-04-11 12:00:00,-0.9042751939338571,0.16931215841916403
2023-04-11 18:00:00,0.27943428287112576,-1.497571812851666
2023-04-12 00:00:00,-0.22979721203749884,-0.5282145185378542
2023-04-12 06:00:00,-1.243019038994768,1.8550820200637954
2023-04-12 12:00:00,-1.1785149400132575,0.12188136967897673
2023-04-12 18:00:00,-0.15396527368552268,-2.7158315763299066
2023-04-13 00:00:00,0.10789620821656225,-2.756076133751751
2023-04-13 06:00:00,-1.583205139133736,-1.3189356861549475
2023-04-13 12:00:00,-2.6647956374402137,-1.4230981856095841
2023-04-13 18:00:00,-1.7098677413824825,-0.9293247724611892
2023-04-14 00:00:00,-0.9434598013316665,0.19014532294713202
2023-04-14 06:00:00,-1.9103474139068044,-0.8675308776440859
2023-04-14 12:00:00,-0.9271543868395119,-4.34623500979266
2023-04-14 18:00:00,0.8169662588372731,-2.6528833949083626
2023-04-15 00:00:00,0.21321208657985538,-2.663586101481921
2023-04-15 06:00:00,-0.13605547333209145,-2.5318254213796707
2023-04-15 12:00:00,0.8749445687175447,-2.820904727806227
2023-04-15 18:00:00,0.9176173349035638,-2.2410710740899766
2023-04-16 00:00:00,0.67440166119745,-1.858540237811913
2023-04-16 06:00:00,0.412792580327086,-1.6370826906958584
2023-04-16 12:00:00,0.40523291641683895,-1.3800881613186906
2023-04-16 18:00:00,0.3912337071496788,-1.31129913957789
2023-04-17 00:00:00,0.6806923188900494,-2.134134591334917
2023-04-17 06:00:00,-0.15698783913853087,-1.6507890967593815
2023-04-17 12:00:00,-1.215114159356018,-2.8022787320638565
2023-04-17 18:00:00,0.2674196560665403,-2.4830596852578717
2023-04-18 00:00:00,0.6950448631690996,-2.6276312603858982
2023-04-18 06:00:00,0.27662310816263136,-1.7775180568136297
2023-04-18 12:00:00,-0.37350918234342184,-2.5800035951358606
2023-04-18 18:00:00,0.4765054508170928,-2.337861494572547
2023-04-19 00:00:00,0.8972473185346472,-2.8153782169977215
2023-04-19 06:00:00,-0.11589620324008887,-1.1443188831258855
2023-04-19 12:00:00,-0.8375679026401067,-2.572661702622249
2023-04-19 18:00:00,0.4092928719011985,-2.6664667626650993
2023-04-20 00:00:00,0.7766105364643833,-2.753599452095113
2023-04-20 06:00:00,0.3507514214658985,-1.7390853166918065
2023-04-20 12:00:00,0.4794546139326365,-0.7085615277434125
2023-04-20 18:00:00,0.16966523796563449,-2.0687350264433757
2023-04-21 00:00:00,0.6105695180175065,-2.5984991214178685
2023-04-21 06:00:00,-0.11419191022944603,-0.899008906471016
2023-04-21 12:00:00,-0.07467043655486451,1.6189344160053452
2023-04-21 18:00:00,0.6325201714040453,-0.6463761665204198
2023-04-22 00:00:00,-0.048894352079045,-1.9093838557114786
2023-04-22 06:00:00,-0.28701817841308147,-0.13243234712772434
2023-04-22 12:00:00,-0.3339657389505963,2.754870534477782
2023-04-22 18:00:00,-0.7774544139603071,2.3071032915556255
2023-04-23 00:00:00,0.4821445206372099,-2.527618442168944
2023-04-23 06:00:00,0.39729250428229596,-3.1397740297830565
2023-04-23 12:00:00,-0.3660590755415334,-2.7219714293087485
2023-04-23 18:00:00,-0.3572471876801348,-2.7268759943476635
2023-04-24 00:00:00,0.7875482081259544,-2.47421058887716
2023-04-24 06:00:00,1.2543575000574776,-3.400705633145464
2023-04-24 12:00:00,0.5233683778930032,-2.843846943562669
2023-04-24 18:00:00,1.1340176857480917,-3.4588186678492026
2023-04-25 00:00:00,1.4303698073110758,-4.6297296310392335
2023-04-25 06:00:00,1.8146580404097428,-5.154009818288269
2023-04-25 12:00:00,1.5280984552937307,-3.960546233579422
2023-04-25 18:00:00,0.6704855486827489,-2.1564424173378476
2023-04-26 00:00:00,0.5385414534698592,-1.6442260421087018
2023-04-26 06:00:00,1.7619376081279416,-3.4907196855097165
2023-04-26 12:00:00,0.7975691117918263,-0.6657133667424109
2023-04-26 18:00:00,0.4104213376511953,0.4333731678924348
2023-04-27 00:00:00,0.22127499178731247,0.19703811039625943
2023-04-27 06:00:00,1.0007071984815596,0.14435192305316233
2023-04-27 12:00:00,2.2085401261323123,-3.3518379588239386
2023-04-27 18:00:00,1.4302724140542296,-2.1086663144858484
2023-04-28 00:00:00,-0.07829809405721545,-1.3509245019417542
2023-04-28 06:00:00,-0.00697173802062608,-0.79491363662772
2023-04-28 12:00:00,-0.1505734569313342,2.5047297875827654
2023-04-28 18:00:00,-0.417701865367809,1.4885720457420584
2023-04-29 00:00:00,0.36900005846321093,0.08360929475903256
2023-04-29 06:00:00,0.7307902629145143,2.253384036138757
2023-04-29 12:00:00,3.437227916135767,-5.19723403241338
2023-04-29 18:00:00,3.188895344775979,-1.8386480618840617
2023-04-30 00:00:00,0.4912544109039418,0.679018388308358
2023-04-30 06:00:00,1.155963172808726,1.4197992052762884
2023-04-30 12:00:00,3.6551316816290265,0.006155521748532437
2023-04-30 18:00:00,1.2261541273354857,1.4813428830123148
2023-05-01 00:00:00,0.12971085145709238,0.33272405060414817
2023-05-01 06:00:00,-0.022367614918103906,-0.2953197116415415
2023-05-01 12:00:00,0.428676336374102,-2.229500973242624
2023-05-01 18:00:00,0.49439024233425205,-1.3430468694571662
2023-05-02 00:00:00,-0.13836733915328758,-0.6986325345158267
2023-05-02 06:00:00,-0.8755663167013692,1.1046634442823422
2023-05-02 12:00:00,3.5459276009043497,-0.020418322174162656
2023-05-02 18:00:00,1.1782713344490197,-1.4198097878067812
2023-05-03 00:00:00,0.08890879505746847,-1.3838903150457706
2023-05-03 06:00:00,-0.5698388725374258,-0.903285534953962
2023-05-03 12:00:00,0.013381162587039272,-2.875952633381224
2023-05-03 18:00:00,0.662193061385779,-2.8695012886458655
2023-05-04 00:00:00,0.3767868204472082,-3.0094885334091224
2023-05-04 06:00:00,-0.6907782949819158,-2.7637447734398397
2023-05-04 12:00:00,-0.7685569596665319,-2.5600949665961235
2023-05-04 18:00:00,0.3973444263742201,-2.138685345712314
2023-05-05 00:00:00,0.4767334961458742,-1.7653444750815452
2023-05-05 06:00:00,0.49144859083740283,-0.6830845347412554
2023-05-05 12:00:00,0.3616110698645809,2.493591909453516
2023-05-05 18:00:00,-0.28637297839105813,2.25122975778794
2023-05-06 00:00:00,0.23207015680714316,-0.9015485078056416
2023-05-06 06:00:00,-0.9326773597869983,1.154043726680644
2023-05-06 12:00:00,0.3200958014900273,2.997230817329475
2023-05-06 18:00:00,-0.21619406155851584,1.7021739556275284
2023-05-07 00:00:00,0.16113651783611244,-1.3531756023610146
2023-05-07 06:00:00,-0.720223492090021,0.8359491761074951
2023-05-07 12:00:00,-0.4401617388174275,2.8272207254916313
2023-05-07 18:00:00,-0.2811954904024015,2.3008601752159947
2023-05-08 00:00:00,0.025530317699922134,-0.5016256827856812
2023-05-08 06:00:00,0.05424001229803634,1.1097426530469718
2023-05-08 12:00:00,-1.5122718903438332,4.172565403631023
2023-05-08 18:00:00,-1.241607745875849,3.38590432916715
2023-05-09 00:00:00,0.7884138423895647,1.5147877887334606
2023-05-09 06:00:00,-0.5770934114408621,2.0382194445476545
2023-05-09 12:00:00,-0.9901763504406046,3.307436174103632
2023-05-09 18:00:00,-1.1447832604422647,2.683957131253782
2023-05-10 00:00:00,-0.4379757670593081,0.9584194044339363
2023-05-10 06:00:00,-0.05335207091857214,0.16822959720089403
2023-05-10 12:00:00,-0.5951635158610339,4.465160681494147
2023-05-10 18:00:00,0.4441630118607775,1.0320196769174483
2023-05-11 00:00:00,0.2489885033663777,-2.5731624560691544
2023-05-11 06:00:00,-0.2495287374814271,-2.622212077620419
2023-05-11 12:00:00,0.28225051317334043,-1.1812707195589134
2023-05-11 18:00:00,-0.32952061688381956,-1.5465715417846522
2023-05-12 00:00:00,-0.34475126547872453,-1.5159247781293599
2023-05-12 06:00:00,0.21459866496250504,-1.3518826293812536
2023-05-12 12:00:00,0.6233569542242495,0.1391681546631355
2023-05-12 18:00:00,-0.2678699018511909,-2.464966080207921
2023-05-13 00:00:00,0.5807625464196137,-2.46504810995105
2023-05-13 06:00:00,0.29587662092305816,-2.202668333582468
2023-05-13 12:00:00,0.6119321891081221,-0.10427222619413579
2023-05-13 18:00:00,0.3170281977390806,-0.8282509439781062
2023-05-14 00:00:00,-0.18950696804051634,-2.5335578843659436
2023-05-14 06:00:00,-0.6530497132490991,-0.6883416473867866
2023-05-14 12:00:00,-1.0707384624073237,4.53011866450976
2023-05-14 18:00:00,-1.357308318358404,3.664114436993357
2023-05-15 00:00:00,0.08895637141538648,0.5296913342114606
2023-05-15 06:00:00,0.06510072497480308,0.2508844614318308
2023-05-15 12:00:00,0.8664811097049351,-0.7587756828590108
2023-05-15 18:00:00,1.2930938223170367,-1.8502062174010157
2023-05-16 00:00:00,0.9256069753184996,-2.1165306999626208
2023-05-16 06:00:00,-0.05395395984280816,-0.3046730130171899
2023-05-16 12:00:00,0.45451085027259014,1.4646097541048946
2023-05-16 18:00:00,3.1551856254032695,-2.6819584817380253
2023-05-17 00:00:00,2.0527058134356655,-5.0836246736458275
2023-05-17 06:00:00,2.0897624105714034,-3.075150000625751
2023-05-17 12:00:00,2.1800110517278677,-4.429549895520661
2023-05-17 18:00:00,1.4477679237220602,-3.3825641560267408
2023-05-18 00:00:00,0.18572837097446823,-0.9060455758779948
2023-05-18 06:00:00,-0.5291770468499902,1.4457964859170076
2023-05-18 12:00:00,-1.0151305540648468,2.7831737242328365
2023-05-18 18:00:00,-0.7804848182832808,2.7107620735664857
2023-05-19 00:00:00,0.14273025226451075,-0.5429713214853034
2023-05-19 06:00:00,-0.8187582640054325,1.2965718123621974
2023-05-19 12:00:00,-2.1023295370746315,3.26515208332095
2023-05-19 18:00:00,-0.36185648500484935,2.561209336479288
2023-05-20 00:00:00,0.16553329079198742,0.3846931954646489
2023-05-20 06:00:00,-0.2349157967475756,0.9620534393891916
2023-05-20 12:00:00,-0.7931989595708937,2.3740494753952013
2023-05-20 18:00:00,-0.26077576399356067,1.2445681811731764
2023-05-21 00:00:00,0.10114228232273474,-1.504619619103529
2023-05-21 06:00:00,-0.5149485640899658,0.11586307038153558
2023-05-21 12:00:00,-0.15629543258570097,2.015227116439965
2023-05-21 18:00:00,0.1765433494791767,0.4603862680942734
2023-05-22 00:00:00,0.2319845938168675,-2.373751324135403
2023-05-22 06:00:00,-0.5235197087137987,-0.8808820805398284
2023-05-22 12:00:00,0.15400019249646263,2.2604512901438203
2023-05-22 18:00:00,-0.14054098627685224,2.0756281070978795
2023-05-23 00:00:00,0.3772960375126753,0.44812996781868364
2023-05-23 06:00:00,0.3577732441331569,-2.8566024295213537
2023-05-23 12:00:00,0.5928630231537467,-4.90221406420621
2023-05-23 18:00:00,0.7812518740216085,-3.021139978593111
2023-05-24 00:00:00,0.11774256617012145,-1.2036168161565293
2023-05-24 06:00:00,-0.12782953094910307,1.6884422849810783
2023-05-24 12:00:00,1.7858817666831943,1.2457295152201062
2023-05-24 18:00:00,3.1958378847933027,0.06478549130547699
2023-05-25 00:00:00,1.7911782674392998,0.8222815482168023
2023-05-25 06:00:00,1.048851267023307,0.5038498724962921
2023-05-25 12:00:00,4.012156626142457,-0.07688134303601256
2023-05-25 18:00:00,3.334377190569612,1.4752401455023954
2023-05-26 00:00:00,0.4882497947258338,1.5234697962292667
2023-05-26 06:00:00,1.4597913823133764,0.09367144689641771
2023-05-26 12:00:00,2.6887656644899836,-0.6139968629544948
2023-05-26 18:00:00,1.638200151793873,-0.8174795456611857
2023-05-27 00:00:00,-0.16680583317509026,1.328333623537228
2023-05-27 06:00:00,-0.7782481343374749,2.2939532617663416
2023-05-27 12:00:00,-1.8876066458484313,4.043224207642127
2023-05-27 18:00:00,-0.6108649149995268,2.748225283732081
2023-05-28 00:00:00,-0.6014737226566352,2.3295790507333174
2023-05-28 06:00:00,3.446929979595588,0.8647664992476879
2023-05-28 12:00:00,3.959615092883899,-1.8516101275136274
2023-05-28 18:00:00,1.7582123802441816,-1.6884209787639044
2023-05-29 00:00:00,0.7013008072655325,-1.296494751711062
2023-05-29 06:00:00,-0.47857209992175775,1.579241189870072
2023-05-29 12:00:00,0.7236890867389096,1.919974039784569
2023-05-29 18:00:00,2.2785762730432864,-0.7501853889030722
2023-05-30 00:00:00,0.18770044624386859,-1.544526669004877
2023-05-30 06:00:00,-0.546638647381574,1.9364376107577372
2023-05-30 12:00:00,-0.9985789517225164,3.3438123815347613
2023-05-30 18:00:00,1.7576343128722278,1.612953491045193
2023-05-31 00:00:00,1.1697979967680519,-0.11367020341726573
2023-05-31 06:00:00,-0.18578982887896078,-0.8828848635319089
2023-05-31 12:00:00,4.100526037935386,-1.2019209800089243
2023-05-31 18:00:00,1.8177853867134495,-3.1234371289894214
2023-06-01 00:00:00,0.12554167878542663,-1.837140052289221
2023-06-01 06:00:00,-0.8436747544977097,-2.8071298074784647
2023-06-01 12:00:00,-1.9715864820130573,-5.546590798985087
2023-06-01 18:00:00,0.3645037740984596,-4.48707550085594
2023-06-02 00:00:00,0.3630381534653783,-1.7898261540177633
2023-06-02 06:00:00,-1.3309169923893414,-1.675985241471161
2023-06-02 12:00:00,-1.219192392827858,1.5873067470252487
2023-06-02 18:00:00,-0.29009728607114277,2.0032530563218636
2023-06-03 00:00:00,0.32744341667326887,-1.3353758105072406
2023-06-03 06:00:00,-0.5832567390756531,0.8141957782211707
2023-06-03 12:00:00,-0.9489682120439632,1.9903579934212126
2023-06-03 18:00:00,0.17771441653762618,0.8905393696555951
2023-06-04 00:00:00,0.6836596002221941,-2.3840526002764775
2023-06-04 06:00:00,-1.1609873017606909,-1.6758952294881013
2023-06-04 12:00:00,-0.7778321180224074,0.7393403577853929
2023-06-04 18:00:00,-0.30176249615238465,2.385045002114815
2023-06-05 00:00:00,-0.1358937703626178,-1.0887544982032835
2023-06-05 06:00:00,-0.696811557866222,0.9486243400223718
2023-06-05 12:00:00,-1.5286647389434052,2.1301837627936817
2023-06-05 18:00:00,-0.5015981902266109,2.584350227515445
2023-06-06 00:00:00,0.7167015291606226,-0.9980200274844083
2023-06-06 06:00:00,-1.1567218657001697,-3.594265221765634
2023-06-06 12:00:00,-2.2828579549238968,-1.2189786840495598
2023-06-06 18:00:00,-0.23669723793312922,-0.8338220237897769
2023-06-07 00:00:00,0.7679864526402814,-3.3632681980443895
2023-06-07 06:00:00,-0.8413166963896525,-0.690025097095857
2023-06-07 12:00:00,-1.0905249690550844,2.969041532590028
2023-06-07 18:00:00,-0.8631720220802238,1.7567513415212934
2023-06-08 00:00:00,0.444585171630238,-4.524576272434627
2023-06-08 06:00:00,-0.06759117873826337,-6.413368206014215
2023-06-08 12:00:00,0.22470711121750467,-3.577206154096958
2023-06-08 18:00:00,0.39511263665185825,-3.09932793945549
2023-06-09 00:00:00,0.8998039729553508,-2.4097558629944094
2023-06-09 06:00:00,-0.3876310746083757,1.085958563073984
2023-06-09 12:00:00,-0.042059156534141495,2.6618201744170196
2023-06-09 18:00:00,-0.18680285989302955,1.7454931975937538
2023-06-10 00:00:00,0.2231405131077514,-0.23264994709463463
2023-06-10 06:00:00,-0.6622234666009873,1.782278912606925
2023-06-10 12:00:00,0.3157268986579538,2.8490554766041765
2023-06-10 18:00:00,-0.8728230531537008,1.7290962385825661
2023-06-11 00:00:00,0.2519932057980844,-0.8202297661379042
2023-06-11 06:00:00,-0.2566206559526117,1.3879960060024608
2023-06-11 12:00:00,-0.980396511611542,3.024173612669884
2023-06-11 18:00:00,-0.6491850014440356,2.6773687243040194
2023-06-12 00:00:00,0.029948657840537962,-0.659433693844789
2023-06-12 06:00:00,-0.34284186938599,1.3450577206081789
2023-06-12 12:00:00,-0.7636268630465292,3.0383393603696356
2023-06-12 18:00:00,-1.0466025432995532,1.7869871480591055
2023-06-13 00:00:00,0.3910077052946179,-1.213822840093884
2023-06-13 06:00:00,0.1401586760421182,-0.8811988886092252
2023-06-13 12:00:00,-0.48742041277452847,1.168158863508214
2023-06-13 18:00:00,0.27786174150712345,0.9413896316154161
2023-06-14 00:00:00,-0.09181955702879892,-1.0171617294256936
2023-06-14 06:00:00,-0.21984830356518315,0.6796364249916166
2023-06-14 12:00:00,-0.7734100779130162,0.03918160232427126
2023-06-14 18:00:00,-0.5576404434433374,-0.35318649285183595
2023-06-15 00:00:00,-0.10821844055913425,-2.203673795477958
2023-06-15 06:00:00,-0.3953323962430306,-1.3549088056753702
2023-06-15 12:00:00,-1.1088013789343776,0.5228704266127663
2023-06-15 18:00:00,-0.16027721091013167,-0.854236783485384
2023-06-16 00:00:00,-0.1650381628885699,-1.260301159052809
2023-06-16 06:00:00,-0.24173645252666628,-1.0850269262007082
2023-06-16 12:00:00,1.8078069459327175,0.23390243473808783
2023-06-16 18:00:00,0.11884492463999076,-1.3264111600941486
2023-06-17 00:00:00,-0.11198574292248747,-1.2256032699375616
2023-06-17 06:00:00,-0.40415693297194005,0.08894943958348896
2023-06-17 12:00:00,-0.31549179212450423,1.5059931528582737
2023-06-17 18:00:00,0.21043138088790528,-0.9287644561522502
2023-06-18 00:00:00,0.8230868767254536,-3.05218303887014
2023-06-18 06:00:00,-0.5816516472031493,-2.1455302885662317
2023-06-18 12:00:00,-0.05042653112873722,-0.1438837633174331
2023-06-18 18:00:00,0.39564334641522175,-2.842789570214372
2023-06-19 00:00:00,-0.02400666951241934,-2.4108357716531956
2023-06-19 06:00:00,0.09740987137073953,-2.2370082411995136
2023-06-19 12:00:00,-0.7717983618480799,-1.1085011448199869
2023-06-19 18:00:00,-1.4605465819428876,0.30906605675086096
2023-06-20 00:00:00,0.542546827855986,-1.1876203287477756
2023-06-20 06:00:00,0.3024653754029392,-0.520808143177267
2023-06-20 12:00:00,0.2554799009438073,0.6658793429353339
2023-06-20 18:00:00,0.3269021542966784,-0.4060751102606017
2023-06-21 00:00:00,0.500005251091027,-1.6662208310341395
2023-06-21 06:00:00,0.4404731009525033,-1.3862602649623132
2023-06-21 12:00:00,0.2148322640789583,0.8000584901243754
2023-06-21 18:00:00,-0.2836525786795024,1.6750495322322758
2023-06-22 00:00:00,-0.6364336492238624,0.5776532782824314
2023-06-22 06:00:00,-0.8551540400239053,1.4866552876079868
2023-06-22 12:00:00,3.175384354674137,0.1397051357756061
2023-06-22 18:00:00,2.9799998597299378,-1.1095400193152625
2023-06-23 00:00:00,0.7485319523074513,-0.6019461584441549
2023-06-23 06:00:00,-0.040433109888731195,0.9073386842783261
2023-06-23 12:00:00,-1.2855093425966075,1.3862378244992246
2023-06-23 18:00:00,0.5743127545900197,0.9408012300659122
2023-06-24 00:00:00,0.8141677426980306,-2.919280151786652
2023-06-24 06:00:00,-0.02731850431850613,-1.3877572400446645
2023-06-24 12:00:00,-0.5206890757034569,1.8716195780871105
2023-06-24 18:00:00,-0.31643126930929705,1.5573334798648137
2023-06-25 00:00:00,-0.24668808193261207,-0.9956247756511193
2023-06-25 06:00:00,-0.2739756448709508,0.5305414067218244
2023-06-25 12:00:00,0.03395611508858143,2.6740283756046215
2023-06-25 18:00:00,-0.17549115743853902,1.8606412107478054
2023-06-26 00:00:00,0.07081800632904138,-0.19625588836380647
2023-06-26 06:00:00,0.7698711578919061,1.2243854466183852
2023-06-26 12:00:00,-0.31949921450801727,2.8615011835010016
2023-06-26 18:00:00,-0.2949225673931974,0.08988328038622863
2023-06-27 00:00:00,0.4937818134967989,-0.28308826038887763
2023-06-27 06:00:00,0.3258728349196927,-1.2990752771004892
2023-06-27 12:00:00,0.329895904402644,1.7200107255936092
2023-06-27 18:00:00,0.15846431744670847,-0.05856683128133985
2023-06-28 00:00:00,-0.033757242932038405,-0.5570472090653804
2023-06-28 06:00:00,-0.1188531097488934,0.7061434804811265
2023-06-28 12:00:00,-0.6307091585928165,2.8538659969184583
2023-06-28 18:00:00,-0.7745631778393068,2.503853685779511
2023-06-29 00:00:00,-0.036440828785102373,0.735078481567606
2023-06-29 06:00:00,0.3203547551719456,1.18059123533733
2023-06-29 12:00:00,-0.5718303912142079,2.622054840342957
2023-06-29 18:00:00,-1.1959917779266358,2.8311447797010527
2023-06-30 00:00:00,-0.705367534009509,2.440261230245317
2023-06-30 06:00:00,0.0565071801171609,-1.1700284011531623
2023-06-30 12:00:00,-0.20558245355494228,-0.3992182547225062
2023-06-30 18:00:00,1.115665592310238,-0.291492137171583
2023-07-01 00:00:00,0.3863945007749019,-1.0595692990579237
2023-07-01 06:00:00,-0.14532383057509443,0.12376038975970838
2023-07-01 12:00:00,-0.5137834861547806,0.89432031138849
2023-07-01 18:00:00,-1.45756796021279,1.957522626565891
2023-07-02 00:00:00,0.65037688511655,-1.4181331147968317
2023-07-02 06:00:00,0.007596514113460878,-1.3993880419108897
2023-07-02 12:00:00,-0.6043514545762331,-1.1081439750251072
2023-07-02 18:00:00,-0.8318703051760726,0.1094063158366723
2023-07-03 00:00:00,-0.1760458080440228,-0.7655219981792994
2023-07-03 06:00:00,0.20033062494323187,0.6083842061847323
2023-07-03 12:00:00,0.8785180395654134,1.945329012231439
2023-07-03 18:00:00,0.1276845854130488,1.6824718662375826
2023-07-04 00:00:00,0.610341256832487,2.014226946332615
2023-07-04 06:00:00,0.09701278307107526,1.109375594871222
2023-07-04 12:00:00,0.5477044262654346,1.7016398753087951
2023-07-04 18:00:00,0.5989990894729983,-0.6942446675811383
2023-07-05 00:00:00,0.4105319424510445,-0.3679109389619623
2023-07-05 06:00:00,0.6936877903870496,-2.0106156413598133
2023-07-05 12:00:00,-1.506590722737189,0.13136145279151767
2023-07-05 18:00:00,-0.13016712358446111,0.38394794726602854
2023-07-06 00:00:00,1.1853368248599299,-1.9501001969613105
2023-07-06 06:00:00,1.1355637474206708,-2.327453760867397
2023-07-06 12:00:00,0.411635276163184,-1.527875142546546
2023-07-06 18:00:00,0.1252349130065305,-0.5174252299603078
2023-07-07 00:00:00,0.12841690013727314,-0.7361811873974221
2023-07-07 06:00:00,-0.07235140311713624,-0.0525160256326066
2023-07-07 12:00:00,-0.3022311666551326,1.0046915119937203
2023-07-07 18:00:00,-0.1830203533047889,-1.7112730570929358
2023-07-08 00:00:00,0.1725127284472746,-1.6639209894500813
2023-07-08 06:00:00,0.015414644622104614,-1.7679705905651038
2023-07-08 12:00:00,0.3279716150017912,1.0225709004799775
2023-07-08 18:00:00,-0.1366517331723297,0.03433222533023791
2023-07-09 00:00:00,0.5922665389054718,-2.0673031096577366
2023-07-09 06:00:00,0.030073390723867426,-0.5575366676656545
2023-07-09 12:00:00,0.11690581610416288,1.9882852535898652
2023-07-09 18:00:00,-0.29817996876194847,1.6670802075660769
2023-07-10 00:00:00,-0.07868934838230048,-0.5467209023995606
2023-07-10 06:00:00,0.22894999372610844,0.6065983619940872
2023-07-10 12:00:00,0.4136457004557164,2.959192158593958
2023-07-10 18:00:00,0.213183052344634,-0.29305800499567775
2023-07-11 00:00:00,0.18733208940140778,0.2710863015146557
2023-07-11 06:00:00,-0.15293569590905462,1.4569794681471933
2023-07-11 12:00:00,-2.3179605847230227,3.4673894960606906
2023-07-11 18:00:00,-0.19046561559443473,1.8687336427058996
2023-07-12 00:00:00,-1.1184645746364212,2.1686613855777646
2023-07-12 06:00:00,-1.0495320901010772,2.1617716685854367
2023-07-12 12:00:00,-1.2025278825525356,2.0120328023726386
2023-07-12 18:00:00,-0.7478533755272467,0.9756959858414053
2023-07-13 00:00:00,-0.0018044814670335797,0.4575733464140687
2023-07-13 06:00:00,-0.3172706708082758,2.3123487966763796
2023-07-13 12:00:00,-0.6327762423546042,2.331175284872778
2023-07-13 18:00:00,0.9796143144713289,0.9809851786784346
2023-07-14 00:00:00,0.5754004835788941,0.8084565087554868
2023-07-14 06:00:00,-0.028784095052493724,0.3033440881597697
2023-07-14 12:00:00,-0.8214714659796739,2.0655477743519173
2023-07-14 18:00:00,-1.0703445259287683,2.048531218478681
2023-07-15 00:00:00,0.04055693222838175,-1.0857185743495028
2023-07-15 06:00:00,-0.30715397737223366,-0.4849415222242622
2023-07-15 12:00:00,-1.706835309064456,1.3359087019841158
2023-07-15 18:00:00,-0.9246192874142597,1.5249803929262296
2023-07-16 00:00:00,-0.3466149008989386,1.2873762502605255
2023-07-16 06:00:00,-1.789682039120376,3.139300447464617
2023-07-16 12:00:00,-1.7151325795500878,5.118624673912506
2023-07-16 18:00:00,-1.5847973074852877,4.157234452781656
2023-07-17 00:00:00,-0.7325576006005544,3.1897255655724543
2023-07-17 06:00:00,-0.8073482726820645,2.707213135902109
2023-07-17 12:00:00,-0.5815256774071539,4.197252398873479
2023-07-17 18:00:00,0.5524246328445296,2.460490584025233
2023-07-18 00:00:00,-0.37690853098407445,1.8033512888735979
2023-07-18 06:00:00,0.70992169371199,1.8283233020582876
2023-07-18 12:00:00,0.8297653465647411,3.0345604567591145
2023-07-18 18:00:00,1.639903492008323,0.4939108283970189
2023-07-19 00:00:00,-0.12071663394174348,-0.6413222508347171
2023-07-19 06:00:00,-0.7229528153101145,0.8294670574888534
2023-07-19 12:00:00,1.0176389946319655,2.6457438828018542
2023-07-19 18:00:00,0.9169473251074743,1.6777221640184259
2023-07-20 00:00:00,-0.09082563269363825,-0.6752725162501068
2023-07-20 06:00:00,-0.5857183674047595,0.588142106740753
2023-07-20 12:00:00,-0.6172008141325023,1.4017580997978392
2023-07-20 18:00:00,0.2630334698914451,0.3683935085442755
2023-07-21 00:00:00,-0.15505623820657768,-0.8167455262060958
2023-07-21 06:00:00,-0.24707403209514453,-1.762301304044411
2023-07-21 12:00:00,-0.04408509210857333,-1.092611716151924
2023-07-21 18:00:00,0.9250037103606511,0.30347347239492756
2023-07-22 00:00:00,0.28766260585875353,-1.0787258037694882
2023-07-22 06:00:00,0.7466970981528501,-1.6168879236012421
2023-07-22 12:00:00,0.178386991720366,0.20525996503520297
2023-07-22 18:00:00,0.24877922908977523,0.4335357239172688
2023-07-23 00:00:00,0.10779189081462641,-1.6895783368381243
2023-07-23 06:00:00,0.0848061103558609,-0.36332253702199213
2023-07-23 12:00:00,-0.8776129922763017,1.6247972252706626
2023-07-23 18:00:00,0.08926198454166669,-0.6951241287298909
2023-07-24 00:00:00,0.9877750882393969,-2.3271025010867965
2023-07-24 06:00:00,0.03841666273092841,-2.47531874620232
2023-07-24 12:00:00,0.7727652287195221,-2.2784784973943872
2023-07-24 18:00:00,1.0239194398141767,-3.8737790145043083
2023-07-25 00:00:00,1.5101832423498562,-2.854379785454172
2023-07-25 06:00:00,-0.09089744971453319,0.60201681818307
2023-07-25 12:00:00,-1.2555079890129537,2.023977700115026
2023-07-25 18:00:00,-0.7461293547528346,0.9347008842520209
2023-07-26 00:00:00,0.22933980773913965,-1.3893313274439416
2023-07-26 06:00:00,-0.2794520300793848,0.8667369447074202
2023-07-26 12:00:00,-0.9023177482902341,2.3004716943408554
2023-07-26 18:00:00,0.19592028977582462,0.8335783357366493
2023-07-27 00:00:00,-0.2048989539094678,-1.004781303500536
2023-07-27 06:00:00,-0.048176169049491964,-1.117711836918048
2023-07-27 12:00:00,0.38978620345539333,2.3527944629294923
2023-07-27 18:00:00,0.19941717634079925,0.6776270394167936
2023-07-28 00:00:00,0.1454293508540551,-1.702884138920079
2023-07-28 06:00:00,0.38279823881456077,0.3483807005195753
2023-07-28 12:00:00,-0.38558844877844695,2.0733191980229133
2023-07-28 18:00:00,0.20304367613025695,0.4743832701323029
2023-07-29 00:00:00,0.20664186775749419,-0.9931235871311167
2023-07-29 06:00:00,0.15101662961898746,-1.6760687375967371
2023-07-29 12:00:00,-0.40695511340295765,2.3527363171698434
2023-07-29 18:00:00,-1.0149801729282582,1.8937905883751143
2023-07-30 00:00:00,-0.003931888633896832,-0.3223580196924261
2023-07-30 06:00:00,-0.48672145304153364,-0.3564802281294997
2023-07-30 12:00:00,-0.6482606855151178,0.9009594167382322
2023-07-30 18:00:00,0.1289233504563309,1.0792386473960778
2023-07-31 00:00:00,0.24015395781357188,0.6596577372858831
2023-07-31 06:00:00,-0.570838214894504,0.9573882011239307
2023-07-31 12:00:00,-0.34055161872777084,1.8770246099836079
2023-07-31 18:00:00,-0.015875403841535508,-0.7035564811785622
2023-08-01 00:00:00,0.4809959134420048,-1.1159408291489268
2023-08-01 06:00:00,0.031357010276915544,-0.9885691113750675
2023-08-01 12:00:00,-0.25533867791704273,0.7269249314133196
2023-08-01 18:00:00,0.32721336093445114,-1.0850876117538601
2023-08-02 00:00:00,0.633052664936976,-1.86674308394798
2023-08-02 06:00:00,0.4960199734585409,-1.1084919205967712
2023-08-02 12:00:00,0.298111359970858,1.1982699266379624
2023-08-02 18:00:00,-0.04421794786390598,1.3855450143801338
2023-08-03 00:00:00,0.03955787009677852,-0.5851372093768737
2023-08-03 06:00:00,0.5116572766100242,-1.227984825759168
2023-08-03 12:00:00,0.5651069543153656,-0.47032773712836656
2023-08-03 18:00:00,1.0097796278274787,-1.3365206549832696
2023-08-04 00:00:00,-0.18667749595287986,-1.125430213543306
2023-08-04 06:00:00,0.19759737527483465,-1.192065444450483
2023-08-04 12:00:00,0.18937386780415003,-2.4498773115987613
2023-08-04 18:00:00,0.862986629898252,-0.5646796136353005
2023-08-05 00:00:00,0.6493422151836539,-1.946817998085174
2023-08-05 06:00:00,0.3430400417233612,-2.3059559905989215
2023-08-05 12:00:00,-0.06428678422756444,-2.56727178787972
2023-08-05 18:00:00,0.41682445159644804,-0.6309194256471538
2023-08-06 00:00:00,0.17818889219547773,-1.5394626293463416
2023-08-06 06:00:00,0.7653939334175082,-1.788806237969717
2023-08-06 12:00:00,0.3572142641189416,-2.897228880006223
2023-08-06 18:00:00,0.4410651393712073,-2.534818795162962
2023-08-07 00:00:00,1.6779595266563412,-4.091237099022955
2023-08-07 06:00:00,2.274254767634696,-6.080918198907849
2023-08-07 12:00:00,1.588871749688771,-5.704770624985514
2023-08-07 18:00:00,1.2547483301202424,-3.923903892658313
2023-08-08 00:00:00,0.2948899144976974,-0.5684028921645169
2023-08-08 06:00:00,0.9229589414799917,-1.6848141433706745
2023-08-08 12:00:00,-0.0864464834577714,0.6147967347310076
2023-08-08 18:00:00,-0.22360904649696947,0.06815413702065613
2023-08-09 00:00:00,0.5017315633124135,0.2837795288102724
2023-08-09 06:00:00,0.14693801949876048,-1.6753488752207886
2023-08-09 12:00:00,0.4716841587508485,-1.0283700625295353
2023-08-09 18:00:00,1.5259211371408066,-1.5685052233096728
2023-08-10 00:00:00,0.7804365369348569,-1.370041377312327
2023-08-10 06:00:00,0.4542395595277764,-0.9265925407847869
2023-08-10 12:00:00,-0.1933989745833342,-0.19918034781792326
2023-08-10 18:00:00,0.01127178511397405,-0.2881784515141185
2023-08-11 00:00:00,-0.15012642256097516,-0.9235322350076731
2023-08-11 06:00:00,-0.5136059971294743,-0.04177609469699487
2023-08-11 12:00:00,-0.6049539681816806,2.247554429134589
2023-08-11 18:00:00,-1.2641344177102258,2.7668991846358533
2023-08-12 00:00:00,-0.4365531749337148,1.761844986982975
2023-08-12 06:00:00,0.483760356066603,0.7290843538210003
2023-08-12 12:00:00,-1.2533691109366765,2.169561922925186
2023-08-12 18:00:00,-1.111457742992911,2.075665018056636
2023-08-13 00:00:00,0.48447289122567216,-0.8685551112771658
2023-08-13 06:00:00,0.880946102405427,-1.5670968952199138
2023-08-13 12:00:00,-0.17675538707232483,1.0592733162498762
2023-08-13 18:00:00,-1.0862374358491655,2.716935252718923
2023-08-14 00:00:00,-0.37301383939547467,1.4141520838754127
2023-08-14 06:00:00,-0.590748721194808,2.30447743186819
2023-08-14 12:00:00,-1.0988721595577007,3.019021403911602
2023-08-14 18:00:00,-0.42886567475453136,1.2022415791481749
2023-08-15 00:00:00,-0.25493424317037844,-0.8170403017890792
2023-08-15 06:00:00,-0.18708705411884183,0.33241160899808836
2023-08-15 12:00:00,-0.05779872260001342,-0.239839994127463
2023-08-15 18:00:00,0.9453851916964915,-0.5736926655170794
2023-08-16 00:00:00,0.6099764211562366,0.454182767002917
2023-08-16 06:00:00,0.6870023131259412,1.051317539926633
2023-08-16 12:00:00,0.6663316295359689,0.30212178297754777
2023-08-16 18:00:00,0.9472942881888334,-2.118957480575657
2023-08-17 00:00:00,0.5260411699507018,-1.630279323328267
2023-08-17 06:00:00,0.36202448575020324,-1.852340954107772
2023-08-17 12:00:00,0.1193659233485016,0.6436176885564326
2023-08-17 18:00:00,0.12014076175804861,-0.9014928238022049
2023-08-18 00:00:00,0.9497293787583017,-2.9492660153699917
2023-08-18 06:00:00,-0.20664003585786836,-2.1276566878861676
2023-08-18 12:00:00,-1.9884037677696262,-1.3082689952338777
2023-08-18 18:00:00,-2.339599698690593,-2.0337829898705726
2023-08-19 00:00:00,,
2023-08-19 06:00:00,,
2023-08-19 12:00:00,0.10372620840734034,-1.8617112545736578
2023-08-19 18:00:00,0.8212875267132445,-1.6856930240122878
2023-08-20 00:00:00,0.9651058538999342,-0.8057134943853748
2023-08-20 06:00:00,0.18730721815864548,-0.9123157727774931
2023-08-20 12:00:00,0.2953353246259756,0.9655015868682805
2023-08-20 18:00:00,-0.6871893490363502,1.4934129189785805
2023-08-21 00:00:00,0.020565239325587178,1.2750082736334358
2023-08-21 06:00:00,-0.6583516697084305,1.7573247645962828
2023-08-21 12:00:00,3.155182049180938,0.40558364578016587
2023-08-21 18:00:00,1.3028290615110585,-0.27685131740290186
2023-08-22 00:00:00,-0.07165348453560719,-1.597999095402078
2023-08-22 06:00:00,-0.3138981576853496,-0.984767091619369
2023-08-22 12:00:00,0.1210791498654445,1.3847273662988888
2023-08-22 18:00:00,0.21469620451704896,-0.18203332297445815
2023-08-23 00:00:00,0.29121006056373167,-0.9617801432055813
2023-08-23 06:00:00,0.20369648330814857,-1.0918200640307867
2023-08-23 12:00:00,0.540841686200436,1.4402544251793852
2023-08-23 18:00:00,0.14739058698460727,-0.21735400708333505
2023-08-24 00:00:00,-0.06737953766767453,-0.9365765009492275
2023-08-24 06:00:00,0.24745316128054293,-0.7272701011488386
2023-08-24 12:00:00,0.387139003415972,-1.4314393250648945
2023-08-24 18:00:00,0.16329423301363793,-1.3989020925192426
2023-08-25 00:00:00,0.40828266338489344,-1.2793250983646793
2023-08-25 06:00:00,0.25715845807075716,-0.18717889197890936
2023-08-25 12:00:00,0.842160862798308,-1.9790538872548147
2023-08-25 18:00:00,0.5952400966762067,-1.5191563860584203
2023-08-26 00:00:00,0.4392991091607277,-2.045155818051318
2023-08-26 06:00:00,0.5175605406608823,-0.8229591189391098
2023-08-26 12:00:00,-0.3976117880309526,-1.8125369347826492
2023-08-26 18:00:00,0.7321905231209715,-0.9626305242305957
2023-08-27 00:00:00,1.9204062329800182,-0.7105840936386331
2023-08-27 06:00:00,-0.24283321054119397,2.3839096405057494
2023-08-27 12:00:00,-0.12166090108673851,2.449067539031948
2023-08-27 18:00:00,-0.023752042886190292,1.8171266853471717
2023-08-28 00:00:00,-0.21772048147022308,1.097937866104422
2023-08-28 06:00:00,0.031881947008887544,0.9618327834931778
2023-08-28 12:00:00,-0.0735278653808215,1.5628696838145466
2023-08-28 18:00:00,0.11399784167600746,-0.4219943463826222
2023-08-29 00:00:00,0.24249008127838054,-1.607207751574902
2023-08-29 06:00:00,0.0500207136334061,-0.8022132714423639
2023-08-29 12:00:00,-0.8570630005872841,2.1529101118427882
2023-08-29 18:00:00,-0.4892357927909154,1.4044899552142056
2023-08-30 00:00:00,-0.3146806287105817,-0.820943460532352
2023-08-30 06:00:00,0.10088930040064208,-0.2932516678049733
2023-08-30 12:00:00,0.37309961280512566,1.2686796861958833
2023-08-30 18:00:00,0.23881432677232395,-0.6272478594540161
2023-08-31 00:00:00,1.0577394653341217,-2.0266656597507087
2023-08-31 06:00:00,0.7089026651251343,-1.0779743415167404
2023-08-31 12:00:00,0.22259947113763212,1.2306912256993254
2023-08-31 18:00:00,-0.1636448571767588,-0.7167607730541542
2023-09-01 00:00:00,0.7445664737947518,-1.7732122760549796
2023-09-01 06:00:00,0.14072012331985526,-1.432044698442727
2023-09-01 12:00:00,-0.31060452718204895,-0.17713440792234345
2023-09-01 18:00:00,0.3807326587169179,-0.9149780456439305
2023-09-02 00:00:00,1.015963417016152,-2.5314978398478725
2023-09-02 06:00:00,0.25881479602502394,-1.2985486964901096
2023-09-02 12:00:00,-0.1513055690986033,0.7432778741057513
2023-09-02 18:00:00,0.2549867154387524,-0.8330642062849788
2023-09-03 00:00:00,0.32238548457140626,-1.0201119354077857
2023-09-03 06:00:00,-0.10655685396834769,0.20781000835454164
2023-09-03 12:00:00,-0.7379472638572677,1.6834647742049562
2023-09-03 18:00:00,0.46066328268520546,2.694921124450579
2023-09-04 00:00:00,0.027938221841352518,1.0779482465093875
2023-09-04 06:00:00,-0.10175827931456098,1.035819981784221
2023-09-04 12:00:00,-0.5343727246533347,3.5197747919030213
2023-09-04 18:00:00,0.4308070480981155,3.0329910310498533
2023-09-05 00:00:00,0.292328267393725,0.9332373496198708
2023-09-05 06:00:00,-0.07181002914427792,0.3034519272045452
2023-09-05 12:00:00,2.4092058861502865,2.1365686593547033
2023-09-05 18:00:00,1.0222952706029855,-1.1900232314112014
2023-09-06 00:00:00,0.316805126736536,-1.8371859033554598
2023-09-06 06:00:00,0.06832067257445085,-1.297786084106131
2023-09-06 12:00:00,0.3249029036282231,1.5889264496862598
2023-09-06 18:00:00,0.03764779071752575,0.34281992105434944
2023-09-07 00:00:00,0.08711701610495748,-0.8086993465567666
2023-09-07 06:00:00,0.00669110229406189,0.5509854464541296
2023-09-07 12:00:00,-0.672640312967152,2.1882777551244805
2023-09-07 18:00:00,-0.15938532540088748,1.2175091425915536
2023-09-08 00:00:00,-0.24611008229074907,-0.11179100596267955
2023-09-08 06:00:00,-0.08907158321709042,0.8405109807905058
2023-09-08 12:00:00,0.4999951902352384,1.0267166693242655
2023-09-08 18:00:00,-0.23748086394744647,1.3357397309597225
2023-09-09 00:00:00,0.19594868148167865,0.9731125305129744
2023-09-09 06:00:00,0.8207590407380808,1.1106751022213073
2023-09-09 12:00:00,0.8341959055378375,1.813605216221724
2023-09-09 18:00:00,0.5664450659310639,1.4621093815326232
2023-09-10 00:00:00,-0.1808256983895905,1.3240421864186698
2023-09-10 06:00:00,-0.15214843050911017,1.4058873328792594
2023-09-10 12:00:00,0.20025751990779184,1.8883563702587411
2023-09-10 18:00:00,0.790403617980982,1.5583080083486145
2023-09-11 00:00:00,0.25854215072727244,0.8285210124016111
2023-09-11 06:00:00,-0.7813189639350607,2.863628105555739
2023-09-11 12:00:00,-1.4057854149064841,3.779879453873741
2023-09-11 18:00:00,-1.1033081402494689,3.6465063323086038
2023-09-12 00:00:00,-0.3533343309142604,2.545610637080197
2023-09-12 06:00:00,2.3602748344826376,0.005068098272642485
2023-09-12 12:00:00,2.806439709920476,0.347463310538785
2023-09-12 18:00:00,1.1555375885180317,-0.9277622070543295
2023-09-13 00:00:00,-0.015081903951715844,-1.4471249888933106
2023-09-13 06:00:00,0.15732688298145422,-2.8149818845542587
2023-09-13 12:00:00,-1.5116154495900815,-3.7824941073324645
2023-09-13 18:00:00,0.7056894000929647,-1.857467251659948
2023-09-14 00:00:00,0.1652176137497364,-1.7174989615004854
2023-09-14 06:00:00,0.5083020186343851,-1.4815372977587768
2023-09-14 12:00:00,0.1484192788095021,0.5660979276034803
2023-09-14 18:00:00,-0.33425778348877394,0.828968376342574
2023-09-15 00:00:00,-0.09910390065813411,0.9603185928529911
2023-09-15 06:00:00,-0.21011711539954714,0.751304746426297
2023-09-15 12:00:00,-0.3340905490937784,2.333735228976502
2023-09-15 18:00:00,-0.33495905320479524,1.6514428517958482
2023-09-16 00:00:00,-0.1721889302570235,1.3745471769159974
2023-09-16 06:00:00,0.7550952281423059,-1.7661837779748277
2023-09-16 12:00:00,1.4283951431770825,-3.035835955998063
2023-09-16 18:00:00,0.23732036304941925,-0.5902671137398183
2023-09-17 00:00:00,1.1988560519438822,-1.707151030356192
2023-09-17 06:00:00,0.8508418368568255,-1.584843106383352
2023-09-17 12:00:00,0.21862172132517899,0.06931485594291686
2023-09-17 18:00:00,0.43975140654304035,-1.4001062389227779
2023-09-18 00:00:00,0.7545499515718325,-2.470641530487667
2023-09-18 06:00:00,1.1359898879613486,-1.8361666023132657
2023-09-18 12:00:00,-0.044154203993356234,-2.0433184088563814
2023-09-18 18:00:00,0.6003021454512628,0.5338737514137529
2023-09-19 00:00:00,-0.6141068143541791,1.059161850959174
2023-09-19 06:00:00,-0.8810979208531364,2.7673912539998806
2023-09-19 12:00:00,0.25879205238515857,4.7361685184343365
2023-09-19 18:00:00,0.10150926776769927,2.689870799868882
2023-09-20 00:00:00,-0.06076967821951432,0.5933967398213077
2023-09-20 06:00:00,0.06454257608437038,0.6036771946887276
2023-09-20 12:00:00,0.5519081315210205,1.0300056593922238
2023-09-20 18:00:00,0.2502050828628166,1.2011492974941762
2023-09-21 00:00:00,-2.126876129263214,4.938757801331807
2023-09-21 06:00:00,-2.550610708126639,5.888176046182276
2023-09-21 12:00:00,-1.0572300803038417,4.0753281085336175
2023-09-21 18:00:00,-0.51522142377806,1.6501892584380633
2023-09-22 00:00:00,-0.16664671160536437,-0.3941463403300595
2023-09-22 06:00:00,0.7953308084456884,-0.6368380643300754
2023-09-22 12:00:00,-0.0165047930712261,0.6660459703901991
2023-09-22 18:00:00,0.13359947783950687,-0.5425673439510758
2023-09-23 00:00:00,0.049937308147867926,-0.6387506753520237
2023-09-23 06:00:00,-0.09434252679852427,0.09499261377851753
2023-09-23 12:00:00,-0.2855466113482534,1.9352424387105065
2023-09-23 18:00:00,0.476302350910061,-0.46752326502095926
2023-09-24 00:00:00,0.6421757009489006,0.6243445886394072
2023-09-24 06:00:00,-0.5610034429404108,1.4299316170017597
2023-09-24 12:00:00,-0.3497152892626816,2.5994421927447307
2023-09-24 18:00:00,-1.1955452248728111,3.1964076828840455
2023-09-25 00:00:00,-1.7029973939630854,4.305867690081698
2023-09-25 06:00:00,-2.0430481869023236,5.12198054967173
2023-09-25 12:00:00,-1.515641085773442,4.697279289833733
2023-09-25 18:00:00,-0.5321740420470612,3.3055062742280086
2023-09-26 00:00:00,-0.27776618454253754,1.3452274091080099
2023-09-26 06:00:00,-0.32616985898890466,0.6487995144395061
2023-09-26 12:00:00,-0.9431738958862032,2.380068225840464
2023-09-26 18:00:00,-0.426820951189149,1.359839755503283
2023-09-27 00:00:00,-0.37370692741533756,1.4158953840570836
2023-09-27 06:00:00,-0.6078506181241309,2.2841961957800128
2023-09-27 12:00:00,-0.3229948529281001,2.3096427738498098
2023-09-27 18:00:00,0.11368855891952473,-0.8596713362942011
2023-09-28 00:00:00,0.28011948993621494,-1.6449998245858632
2023-09-28 06:00:00,0.17489341868520025,-0.6955031694875
2023-09-28 12:00:00,-0.2962588691338606,2.32358685006025
2023-09-28 18:00:00,-0.4509815306161675,2.911301441421029
2023-09-29 00:00:00,-0.32214370041854223,1.9903725065095779
2023-09-29 06:00:00,0.1557431323850411,1.8192049205565155
2023-09-29 12:00:00,-0.4510512106316833,2.665677564719248
2023-09-29 18:00:00,0.1922508288347088,1.6335323546931322
2023-09-30 00:00:00,-0.30175243226662884,2.010575331864984
2023-09-30 06:00:00,-0.2914812811635519,1.87106340981986
2023-09-30 12:00:00,2.339521258151679,1.4961881307274443
2023-09-30 18:00:00,0.5266397046994323,0.8180846419519227
2023-10-01 00:00:00,0.38048278879508235,-0.4543291260834971
2023-10-01 06:00:00,-0.23492324846995086,-1.1075252523659724
2023-10-01 12:00:00,-0.325933905689245,1.1129382744606287
2023-10-01 18:00:00,-0.017834807777138584,-0.1315910100592512
2023-10-02 00:00:00,-0.006327746303293563,-0.6041899858172507
2023-10-02 06:00:00,0.07867442936990443,0.0009694547545325468
2023-10-02 12:00:00,0.027331803638348456,1.5912241732886125
2023-10-02 18:00:00,0.5758133859913329,0.01851710969515158
2023-10-03 00:00:00,0.4235132782204032,-0.9756083774735287
2023-10-03 06:00:00,0.16649368465755235,-0.75374759050398
2023-10-03 12:00:00,-0.1749726829694803,1.331725698585528
2023-10-03 18:00:00,-0.12458774310842129,0.8355420113222994
2023-10-04 00:00:00,-0.2733490490490728,0.8234777582859728
2023-10-04 06:00:00,-0.15279347635061868,0.20246046832913422
2023-10-04 12:00:00,2.680584493418103,0.9290474982968743
2023-10-04 18:00:00,-0.15778456018879258,-1.009407995860897
2023-10-05 00:00:00,0.8981851053715801,-1.8089370432723129
2023-10-05 06:00:00,-0.30157929700252156,-0.8561205088998175
2023-10-05 12:00:00,-0.4328492586757913,0.8809238368441217
2023-10-05 18:00:00,-0.27589934689254797,-0.24083010119536521
2023-10-06 00:00:00,0.18656305886342928,-0.841956007818701
2023-10-06 06:00:00,0.05307980502318521,-0.5404775438925156
2023-10-06 12:00:00,0.055225973161284546,0.9220840474209999
2023-10-06 18:00:00,1.2141261566230874,-2.864156053788816
2023-10-07 00:00:00,0.4290098583959119,-1.9408096962098258
2023-10-07 06:00:00,0.21333830140452947,-0.9131696252775798
2023-10-07 12:00:00,1.2653438031409328,-1.946797330474362
2023-10-07 18:00:00,0.2706073063979391,-1.3151599135053011
2023-10-08 00:00:00,-0.2674337477642636,-1.4052650992499836
2023-10-08 06:00:00,0.13033590020285502,-0.8189444662484576
2023-10-08 12:00:00,-0.5053766451713392,1.4958816348692192
2023-10-08 18:00:00,0.13524184033261524,-0.8817988430721891
2023-10-09 00:00:00,0.252442517865003,-1.3196076707218036
2023-10-09 06:00:00,0.14337775695630314,-0.971707165294195
2023-10-09 12:00:00,-0.05210864152244482,0.7579687325927273
2023-10-09 18:00:00,0.11371321718581999,-0.4808067563660086
2023-10-10 00:00:00,0.05298599788099848,0.03638815022700379
2023-10-10 06:00:00,-0.13541048508495687,-0.08886738815666785
2023-10-10 12:00:00,-0.44585480991522414,2.3275111757916274
2023-10-10 18:00:00,-0.45444232096531456,2.5720990776893284
2023-10-11 00:00:00,-0.3149258484565897,2.4858115668405056
2023-10-11 06:00:00,0.4004478243711363,2.219555170263539
2023-10-11 12:00:00,2.8023933012172013,4.802053563964255
2023-10-11 18:00:00,1.4080068998068167,3.8053445926016174
2023-10-12 00:00:00,0.9644084884452594,2.0265229189920846
2023-10-12 06:00:00,2.044392757018772,1.898032515261342
2023-10-12 12:00:00,2.4691313040935015,1.9884700153295103
2023-10-12 18:00:00,-0.04556991244165998,1.041360412174818
2023-10-13 00:00:00,0.20483182839663042,0.0462945310227337
2023-10-13 06:00:00,-0.30741913636476426,1.1759471698131305
2023-10-13 12:00:00,-2.1505377537514323,3.750895784717828
2023-10-13 18:00:00,-0.541853869590348,2.3486130191791568
2023-10-14 00:00:00,-0.21754588892743443,1.533286274349459
2023-10-14 06:00:00,-0.3032486811876388,3.1050665460251694
2023-10-14 12:00:00,0.8143643943902205,2.6985269444005553
2023-10-14 18:00:00,1.1248167319737898,-0.6258254987835822
2023-10-15 00:00:00,2.883487859918047,-2.338958255754836
2023-10-15 06:00:00,1.9954872581131242,-0.5683273962483804
2023-10-15 12:00:00,2.9575382690540395,-0.9795434472870127
2023-10-15 18:00:00,0.05750320948157422,0.21186726716628432
2023-10-16 00:00:00,-0.09819696722780898,-1.159102933811117
2023-10-16 06:00:00,-0.475728327617539,0.2966994519397082
2023-10-16 12:00:00,-0.48003068637417295,2.1469221801408067
2023-10-16 18:00:00,-0.2240177313847069,1.5031151819908934
2023-10-17 00:00:00,-0.30433130009019865,1.9920996506970863
2023-10-17 06:00:00,-0.3097873038737329,2.187136057332696
2023-10-17 12:00:00,1.1889499465677928,0.8324204836261085
2023-10-17 18:00:00,1.201381705608157,-0.860407271895396
2023-10-18 00:00:00,0.13776967448629848,-1.5129398382532553
2023-10-18 06:00:00,0.2929613660261819,-0.5706311201769935
2023-10-18 12:00:00,-0.15961201744924505,-1.520176048088602
2023-10-18 18:00:00,-0.3144258962033371,-1.461044533569715
2023-10-19 00:00:00,0.008401532398438716,-1.891539497031027
2023-10-19 06:00:00,-0.029572238338145162,-3.608135531273463
2023-10-19 12:00:00,-1.9672949610184143,-3.4519385784298073
2023-10-19 18:00:00,-1.0844213907531015,-3.163791881369614
2023-10-20 00:00:00,-0.22979558149307297,-4.989182209337029
2023-10-20 06:00:00,0.7097365738864888,-4.997142972605617
2023-10-20 12:00:00,-1.6893524940036428,-5.171703198399816
2023-10-20 18:00:00,-0.6659169987500945,-5.308894848496252
2023-10-21 00:00:00,0.8201288913449208,-5.38485069993277
2023-10-21 06:00:00,0.1795442208121795,-5.962586599268111
2023-10-21 12:00:00,0.022692516052369844,-5.064197154154023
2023-10-21 18:00:00,1.3437384785572328,-4.160114903078987
2023-10-22 00:00:00,1.1633284355756877,-2.7610017965371476
2023-10-22 06:00:00,1.1998896830057226,-2.3120648787903075
2023-10-22 12:00:00,1.3789371562178714,-2.4157323819366123
2023-10-22 18:00:00,1.2586644762554433,-1.9995275388337
2023-10-23 00:00:00,0.9304967176905646,-1.597136321419564
2023-10-23 06:00:00,1.311742641293215,-1.016227923776168
2023-10-23 12:00:00,0.7763775372383751,-1.4746150270869365
2023-10-23 18:00:00,0.6612280468331743,-2.0666879518222667
2023-10-24 00:00:00,0.6948552038271271,-1.360221537506981
2023-10-24 06:00:00,1.2449932993979023,-2.0302475335872603
2023-10-24 12:00:00,1.1545099552598097,-1.6520573982255986
2023-10-24 18:00:00,-1.1674775368053993,-1.2924976166009396
2023-10-25 00:00:00,-0.22559728138873247,-1.2912593191366764
2023-10-25 06:00:00,-0.6191991111622338,-3.3248949819692526
2023-10-25 12:00:00,-0.16369659123300803,-3.865159060334262
2023-10-25 18:00:00,0.2686579174600012,-2.9830928167699544
2023-10-26 00:00:00,0.7653024254653086,-2.483782226873839
2023-10-26 06:00:00,0.3533202292270057,-2.553375174366693
2023-10-26 12:00:00,-1.0126392089914735,-2.612428400451267
2023-10-26 18:00:00,-0.19680434097364005,-1.8969344868894955
2023-10-27 00:00:00,0.1721924938168572,-0.9489531767287122
2023-10-27 06:00:00,-0.5457810019335813,-1.694054484693045
2023-10-27 12:00:00,0.032601233937531886,-2.253539402627094
2023-10-27 18:00:00,0.5495342439426321,-1.3451805016366924
2023-10-28 00:00:00,1.0615543631764492,-1.923755634347309
2023-10-28 06:00:00,1.2221235710629903,-2.0041225701822407
2023-10-28 12:00:00,0.8607018224148185,-1.7392788289388716
2023-10-28 18:00:00,-0.4604907096363169,-0.2430750004525728
2023-10-29 00:00:00,-0.16235875055978524,-0.16311713937490324
2023-10-29 06:00:00,-0.21482397899380667,-1.2524910939209624
2023-10-29 12:00:00,0.7094413055335741,-4.42387936146276
2023-10-29 18:00:00,1.2948701988496032,-5.595517352236411
2023-10-30 00:00:00,1.2827193337941782,-5.875333962491221
2023-10-30 06:00:00,0.9525501016274495,-4.173752511851369
2023-10-30 12:00:00,1.635454543209289,-4.382766870084571
2023-10-30 18:00:00,1.7776753542752068,-6.205132638371457
2023-10-31 00:00:00,2.2575250633209234,-5.265453524917888
2023-10-31 06:00:00,1.8310211851782832,-4.624354806844971
2023-10-31 12:00:00,1.9657180197893123,-5.1516998073948415
2023-10-31 18:00:00,1.5098571483034309,-4.247821327810035
2023-11-01 00:00:00,1.3569997976213852,-2.954522742010233
2023-11-01 06:00:00,0.7015158462634368,-1.1310083270387425
2023-11-01 12:00:00,0.7791699247712068,-1.6624434183514056
2023-11-01 18:00:00,0.7717397776046319,-1.922409888182991
2023-11-02 00:00:00,0.8704623082837779,-2.8198688694862866
2023-11-02 06:00:00,1.5934105687465332,-3.481606953294879
2023-11-02 12:00:00,1.0891731337990778,-3.9858185029821542
2023-11-02 18:00:00,1.52629834220998,-4.128288188033946
2023-11-03 00:00:00,0.6062140053243826,-3.886355669869694
2023-11-03 06:00:00,1.3538514103681385,-4.300324910043784
2023-11-03 12:00:00,1.7877944027568873,-4.349372945297676
2023-11-03 18:00:00,1.4112460945819987,-4.276560638461232
2023-11-04 00:00:00,1.3154813341601517,-3.298243960004418
2023-11-04 06:00:00,1.257663761455476,-3.078070974588082
2023-11-04 12:00:00,1.0117083369360445,-2.678536462382707
2023-11-04 18:00:00,0.47334328404626863,-1.6992194049185005
2023-11-05 00:00:00,1.0653324289872563,-2.073563273144522
2023-11-05 06:00:00,1.245465761903142,-2.8494429648366792
2023-11-05 12:00:00,1.3296570719736283,-2.960756347073524
2023-11-05 18:00:00,0.927741580515736,-2.8006565246312127
2023-11-06 00:00:00,0.7615488648493733,-2.681539362820246
2023-11-06 06:00:00,0.474305199375664,-1.9597395087644902
2023-11-06 12:00:00,0.9069197490778055,-2.3388575676279677
2023-11-06 18:00:00,0.6890140507067315,-1.5053208069631365
2023-11-07 00:00:00,0.8295580586000604,-1.5709280595884545
2023-11-07 06:00:00,0.9457525708427784,-1.600318712504043
2023-11-07 12:00:00,1.148324985794559,-1.7456848484647371
2023-11-07 18:00:00,0.1133568491772094,-0.5945983053857132
2023-11-08 00:00:00,0.7367977555790112,-0.7214569774445185
2023-11-08 06:00:00,1.1727585739448754,-0.046564206437871715
2023-11-08 12:00:00,1.0472672541545922,0.2874845290411515
2023-11-08 18:00:00,0.275309899614914,-0.45220221031962504
2023-11-09 00:00:00,0.7712926478380092,-1.851847665668932
2023-11-09 06:00:00,1.471718025126968,-2.587520204739181
2023-11-09 12:00:00,1.3751091022206083,-2.54614564268177
2023-11-09 18:00:00,1.1621455481148308,-1.516812027275509
2023-11-10 00:00:00,1.1259403047332024,-1.9055558159545296
2023-11-10 06:00:00,1.3698848892994044,-2.455817864118777
2023-11-10 12:00:00,1.4144748777820448,-2.6051057867293332
2023-11-10 18:00:00,1.2104233107917237,-2.53337145246782
2023-11-11 00:00:00,1.3716646032320765,-3.051579890092937
2023-11-11 06:00:00,1.3646901840748666,-3.0289096900794608
2023-11-11 12:00:00,0.7585440034324423,-3.815421580701289
2023-11-11 18:00:00,1.269631223310147,-2.5122870732966702
2023-11-12 00:00:00,1.1171179541396052,-3.058451268616659
2023-11-12 06:00:00,0.862274423252011,-3.365403088653668
2023-11-12 12:00:00,0.5143158666283446,-3.5278443317528914
2023-11-12 18:00:00,0.6976607190913343,-1.9123450786586507
2023-11-13 00:00:00,0.33936847091394284,-0.7313846422724168
2023-11-13 06:00:00,0.8774211814170169,-1.0601954505639635
2023-11-13 12:00:00,0.6003039502994603,-3.154050311264079
2023-11-13 18:00:00,1.4105077446259555,-2.942223577505276
2023-11-14 00:00:00,0.9405307814875115,-3.4203158389385226
2023-11-14 06:00:00,1.0638258863884493,-3.2528756872144413
2023-11-14 12:00:00,0.9978662512695072,-3.1283082587164075
2023-11-14 18:00:00,0.7641073774976035,-2.9530300862466774
2023-11-15 00:00:00,0.6259179436240845,-2.520805656263735
2023-11-15 06:00:00,0.9918333628624686,-2.5896747728872285
2023-11-15 12:00:00,0.9448899380578942,-2.750957088557435
2023-11-15 18:00:00,0.9765128366493031,-2.3928627650675574
2023-11-16 00:00:00,1.029334333404428,-1.607037262959098
2023-11-16 06:00:00,-0.10068379427128309,-0.4770776069280558
2023-11-16 12:00:00,0.6533569099884496,-0.8408464972842791
2023-11-16 18:00:00,0.9430926685693719,-1.2901720869565
2023-11-17 00:00:00,0.5511644224537176,-0.5971134222856377
2023-11-17 06:00:00,1.2536556711890199,-0.5064450365465011
2023-11-17 12:00:00,1.4952784709294111,-1.053101511731341
2023-11-17 18:00:00,0.5913810100073678,-0.6081098727499766
2023-11-18 00:00:00,0.05268278135026535,-0.775743820565756
2023-11-18 06:00:00,0.9728186587468732,-0.24554136142803543
2023-11-18 12:00:00,0.936463687333041,-0.1369383616227553
2023-11-18 18:00:00,1.536108010291124,-0.06552066730854293
2023-11-19 00:00:00,0.989424708149726,-0.9401599163584494
2023-11-19 06:00:00,1.0215316442853777,-1.8099332755980022
2023-11-19 12:00:00,0.8244983484767999,-3.2238685172289507
2023-11-19 18:00:00,0.6616718871150801,-2.2913090361763975
2023-11-20 00:00:00,1.0632937190822178,-1.9434164109944263
2023-11-20 06:00:00,0.9390347975640635,-1.4738066842238757
2023-11-20 12:00:00,0.9370319601995467,-1.7899824396026836
2023-11-20 18:00:00,0.6841609728650689,-2.0591107493126604
2023-11-21 00:00:00,0.7292968176372879,-1.2110423398172943
2023-11-21 06:00:00,0.056433789185961036,-0.8219104677869414
2023-11-21 12:00:00,-0.12059210153646217,0.5871145129946677
2023-11-21 18:00:00,-0.05752500723509849,2.4272117521471834
2023-11-22 00:00:00,-0.29087777944940146,2.230214072748288
2023-11-22 06:00:00,-0.5779470359474671,3.5510571662859864
2023-11-22 12:00:00,-0.19195954463812012,3.9430452292259504
2023-11-22 18:00:00,0.4483485884680542,1.9626381981501362
2023-11-23 00:00:00,0.007457032662897998,2.6129826854695306
2023-11-23 06:00:00,0.6303371001941714,1.305729439827079
2023-11-23 12:00:00,1.85723002753757,0.2167886796664217
2023-11-23 18:00:00,2.28866756187551,-1.3256943827911096
2023-11-24 00:00:00,-0.1567881795846492,0.6782154936861123
2023-11-24 06:00:00,0.6655150598878925,-1.895839805198382
2023-11-24 12:00:00,0.7181199646989391,-3.8004035707020147
2023-11-24 18:00:00,-0.01017068223756453,-0.552060650562394
2023-11-25 00:00:00,0.0010442733658688013,-2.060142098858131
2023-11-25 06:00:00,0.31236710593109746,-3.0404512269030177
2023-11-25 12:00:00,-0.2877656602087416,-3.222683729360883
2023-11-25 18:00:00,0.15070306830856336,-0.9750019489868258
2023-11-26 00:00:00,-0.15878447853431918,-0.9129435152764723
2023-11-26 06:00:00,-0.007502006629195902,-0.9438096042235719
2023-11-26 12:00:00,0.560791753619239,-1.1091047007286603
2023-11-26 18:00:00,0.28337216645153646,-2.10141274896212
2023-11-27 00:00:00,1.0857282379262434,-2.3287531838414686
2023-11-27 06:00:00,0.8946710706118938,-2.5452303752886696
2023-11-27 12:00:00,0.8065934703357426,-2.5434377111911477
2023-11-27 18:00:00,0.055098410607606264,-3.2868800806040013
2023-11-28 00:00:00,1.0641891042762106,-4.479799605749686
2023-11-28 06:00:00,1.8314799086053408,-5.258895093144212
2023-11-28 12:00:00,1.9450080774593534,-3.99406570603243
2023-11-28 18:00:00,1.617937826527114,-5.203482459187604
2023-11-29 00:00:00,1.6818900944607877,-5.452484517611076
2023-11-29 06:00:00,1.714648362490984,-5.963013398863404
2023-11-29 12:00:00,1.1771053148702606,-5.555674160504413
2023-11-29 18:00:00,0.7910197918582188,-3.929417716964202
2023-11-30 00:00:00,1.0622402162062332,-2.304819607577149
2023-11-30 06:00:00,1.2471120406381542,-2.6918788145546464
2023-11-30 12:00:00,1.5196745431773355,-3.1046308129699476
2023-11-30 18:00:00,0.883560109564138,-1.9784315312678
2023-12-01 00:00:00,1.2850390750967688,-2.0785018845946395
2023-12-01 06:00:00,1.0366974042141543,-2.0756671189456983
2023-12-01 12:00:00,0.9628182839461122,-1.1667566090497807
2023-12-01 18:00:00,-0.24849523468058857,-0.8888796337962965
2023-12-02 00:00:00,-0.32742359380730607,-0.9593812357466641
2023-12-02 06:00:00,0.13135931755216687,-0.6019453528119222
2023-12-02 12:00:00,0.6542429539114618,-0.7987541276589886
2023-12-02 18:00:00,0.5532823159530258,-1.3469214702267713
2023-12-03 00:00:00,0.1368700667581648,-0.8125153302689295
2023-12-03 06:00:00,0.5688470783706062,-0.11829390911057408
2023-12-03 12:00:00,0.30513657494506113,-0.6231660125506383
2023-12-03 18:00:00,0.23086100491856823,-0.35393165522793185
2023-12-04 00:00:00,0.36169961503621245,0.1902248295304085
2023-12-04 06:00:00,0.41867139506558493,0.24113367972305888
2023-12-04 12:00:00,0.2879708465129206,-0.2429929823948256
2023-12-04 18:00:00,0.2933334795759691,-0.0147847346829314
2023-12-05 00:00:00,0.5839582919629464,0.19019054650584777
2023-12-05 06:00:00,0.2955687857133563,0.15762112109627985
2023-12-05 12:00:00,0.582726935026893,0.16250492530575436
2023-12-05 18:00:00,0.2855673613101765,-0.27737201956145646
2023-12-06 00:00:00,0.5682269692079186,-0.6969268076742862
2023-12-06 06:00:00,0.4574427548093352,-1.127422434579591
2023-12-06 12:00:00,0.7432432783014086,-1.1395334792428338
2023-12-06 18:00:00,0.605140495082848,-1.1486769109771875
2023-12-07 00:00:00,0.6217543100734253,-1.251472165785392
2023-12-07 06:00:00,0.7203924365548993,-1.1977436108153776
2023-12-07 12:00:00,1.4222380155652685,-2.0653524685581695
2023-12-07 18:00:00,1.4940731322430516,-2.4164903791199905
2023-12-08 00:00:00,1.3109752954195992,-2.416638653117141
2023-12-08 06:00:00,1.5550894926375982,-3.327816055162399
2023-12-08 12:00:00,1.3291828448568048,-2.848687279033319
2023-12-08 18:00:00,1.2534729814427596,-3.0124427351275522
2023-12-09 00:00:00,1.2838501648170997,-3.037140645349799
2023-12-09 06:00:00,1.0690030997634385,-2.182359197179909
2023-12-09 12:00:00,0.8240817373570941,-1.8690816939211574
2023-12-09 18:00:00,0.8506062322174711,-1.6004049228710562
2023-12-10 00:00:00,0.9088105365156882,-1.9289981321433423
2023-12-10 06:00:00,0.3720585508987997,-2.012579625120409
2023-12-10 12:00:00,-1.1149249069942568,-2.8095809558042952
2023-12-10 18:00:00,-1.1901310248690578,-3.401523013402945
2023-12-11 00:00:00,0.5964309779729601,-3.3117916900144855
2023-12-11 06:00:00,0.996308796199277,-3.6557043188315412
2023-12-11 12:00:00,1.0096394594886953,-3.200946994231104
2023-12-11 18:00:00,1.0323607173852172,-2.8267388128387467
2023-12-12 00:00:00,0.5510807437884759,-1.8273300028292105
2023-12-12 06:00:00,0.013722341686838058,-1.0835548303017062
2023-12-12 12:00:00,-0.42448161351725844,-0.22317290598275727
2023-12-12 18:00:00,0.18393374171079577,-0.8083302302452203
2023-12-13 00:00:00,0.5982144388566749,-1.1734663138424084
2023-12-13 06:00:00,0.16428871866828784,-1.5689788972405714
2023-12-13 12:00:00,0.5733147288708443,-0.9183102434273945
2023-12-13 18:00:00,0.21454311089015132,-0.05356189360150044
2023-12-14 00:00:00,0.20220708655084327,0.11943096140358794
2023-12-14 06:00:00,-0.3639732296612679,1.1622238097539905
2023-12-14 12:00:00,0.40178209442674007,0.7145864497145628
2023-12-14 18:00:00,0.9485801648348685,-0.16776003146674046
2023-12-15 00:00:00,0.8458702642761337,-0.6059753021522932
2023-12-15 06:00:00,-0.05512436203475322,-0.7871894221490345
2023-12-15 12:00:00,0.1565093456209594,0.055683887883641946
2023-12-15 18:00:00,0.11821753253217084,-0.817684159998222
2023-12-16 00:00:00,-0.03623977769829612,-0.31118914838392114
2023-12-16 06:00:00,-0.6856708799264051,-0.022939674498556235
2023-12-16 12:00:00,0.2235892295423768,2.2807797528309552
2023-12-16 18:00:00,0.9006569833441359,0.25227648428864385
2023-12-17 00:00:00,0.38103328175018936,0.23905406185499942
2023-12-17 06:00:00,-0.3315749596750623,0.45130541049275225
2023-12-17 12:00:00,-0.12161867545691109,1.5459598451365852
2023-12-17 18:00:00,-0.005408482896552602,0.042621401053998476
2023-12-18 00:00:00,0.16876831841091697,1.2696058227018157
2023-12-18 06:00:00,-0.34723164271961604,-0.7003384285729729
2023-12-18 12:00:00,0.4158171578650452,0.06839828705834483
2023-12-18 18:00:00,0.6681776850489453,0.9688547513351221
2023-12-19 00:00:00,0.06393718966801087,1.4312562725971798
2023-12-19 06:00:00,-0.6019233696345285,2.0463982051796443
2023-12-19 12:00:00,0.09864704185283986,1.1540427341260366
2023-12-19 18:00:00,-0.052040960195398,-0.6829797095599451
2023-12-20 00:00:00,0.4107424433813464,-1.7942378412125988
2023-12-20 06:00:00,0.6216787814201098,-1.6846887091984613
2023-12-20 12:00:00,0.6945155639478225,-1.198009327787143
2023-12-20 18:00:00,0.8549814499469631,-2.0863680000232807
2023-12-21 00:00:00,0.26358065828359484,-0.5999153197749548
2023-12-21 06:00:00,0.6480642719052844,-2.2449975212270057
2023-12-21 12:00:00,1.5296949026469011,-4.06973939147555
2023-12-21 18:00:00,1.4918386437384343,-5.709175785794371
2023-12-22 00:00:00,1.568834356933099,-3.5307713088164334
2023-12-22 06:00:00,1.0289395555137852,-0.7742114151556988
2023-12-22 12:00:00,0.36207605268897175,-0.834541036968485
2023-12-22 18:00:00,0.6406141871354457,-1.564274961445862
2023-12-23 00:00:00,0.028128719473963948,-1.7476219486643743
2023-12-23 06:00:00,-0.04241278024161799,-1.318153631802768
2023-12-23 12:00:00,-0.3022658553702358,-0.6412454016628093
2023-12-23 18:00:00,-0.4392146597815378,-1.1538416697914429
2023-12-24 00:00:00,0.24885928169577784,-1.3007856026987799
2023-12-24 06:00:00,-0.6520551430736681,-0.8338997101122162
2023-12-24 12:00:00,0.15728622555519012,-1.1328094846454275
2023-12-24 18:00:00,-0.2171008975832852,-0.753513742123996
2023-12-25 00:00:00,-0.2464378215586618,-1.1049615401880384
2023-12-25 06:00:00,0.6964325845679068,-1.3189435140339898
2023-12-25 12:00:00,0.41219949434561487,0.4648125866588253
2023-12-25 18:00:00,0.35288487929451345,-0.09659515825624591
2023-12-26 00:00:00,-0.11763369658077216,-0.6861035673068502
2023-12-26 06:00:00,-0.1174360080403987,-1.675872181201111
2023-12-26 12:00:00,0.5371998207281624,-1.8475006982434288
2023-12-26 18:00:00,0.671216043793614,-1.3563694994405742
2023-12-27 00:00:00,0.9569886826550423,-2.048179527857443
2023-12-27 06:00:00,0.08682511314147073,-1.4773205023785214
2023-12-27 12:00:00,0.2972296830012835,-2.446432414386964
2023-12-27 18:00:00,1.1068030962664048,-2.85666976919097
2023-12-28 00:00:00,1.0353005697598743,-2.6711514316598244
2023-12-28 06:00:00,1.7336934573268532,-3.524362269267305
2023-12-28 12:00:00,0.9107501610943735,-2.261561987972977
2023-12-28 18:00:00,0.455434369357522,-0.7418123437001514
2023-12-29 00:00:00,1.395953724762702,-2.743851516782286
2023-12-29 06:00:00,1.1716319003308566,-2.408592539480698
2023-12-29 12:00:00,0.730273134327327,-1.158227434650966
2023-12-29 18:00:00,0.9864221730481217,0.01960445158230749
2023-12-30 00:00:00,1.2797677821572333,-0.004133160204437251
2023-12-30 06:00:00,0.1862241928489743,-0.16509377631767172
2023-12-30 12:00:00,0.2083050388957616,-0.086271027927367
2023-12-30 18:00:00,0.2314525658976679,-0.3303740016837966
2023-12-31 00:00:00,0.4778509395646964,-0.41185960570474883
2023-12-31 06:00:00,-0.26960426439808693,-1.656962234959745
2023-12-31 12:00:00,-0.45411135092904403,-2.352494640119899
2023-12-31 18:00:00,0.7119041345727036,-3.89604351278443
2024-01-01 00:00:00,0.9738922201765364,-4.095687981835039
